[Mon Dec 30 12:04:47 PM CET 2024] Starting theta_button.sh
[Mon Dec 30 12:04:47 PM CET 2024] Killed conflicting processes
[Mon Dec 30 12:04:53 PM CET 2024] Starting theta_button.py

*** Error ***              
An error occurred in the io-library ('Could not claim the USB device'): Could not claim interface 0 (Device or resource busy). Make sure no other program (gvfs-gphoto2-volume-monitor) or kernel module (such as sdc2xx, stv680, spca50x) is using the device and you have read/write access to the device.
ERROR: Could not capture image.
ERROR: Could not capture.
*** Error (-53: 'Could not claim the USB device') ***       

For debugging messages, please use the --debug option.
Debugging messages may help finding a solution to your problem.
If you intend to send any error or debug messages to the gphoto
developer mailing list <gphoto-devel@lists.sourceforge.net>, please run
gphoto2 as follows:

    env LANG=C gphoto2 --debug --debug-logfile=my-logfile.txt --capture-image-and-download --force-overwrite --filename /media/usb/continousScanning_0037/360/20241230-120603.jpg

Please make sure there is sufficient quoting around the arguments.

[DEBUG] Killing existing GPIO users...
[DEBUG] Checking for GPIO users...
[DEBUG] No active GPIO users found.
[DEBUG] Killing interfering USB processes...
[DEBUG] Checking for camera resource locks...
[DEBUG] No camera resource locks found.
[DEBUG] Attempt 1 to set up GPIO...
[DEBUG] Claiming GPIOs...
[DEBUG] GPIO setup complete.
[DEBUG] GPIO setup successful.
[DEBUG] Service started. Waiting for button press...
[DEBUG] Button pressed. Capturing photo...
[DEBUG] LED on GPIO 27 turned ON.
[DEBUG] Retrieving photo output directory...
[DEBUG] Photo output directory: /media/usb/continousScanning_0037/360
[DEBUG] Capturing photo to /media/usb/continousScanning_0037/360/20241230-120603.jpg...
[ERROR] Failed to capture photo: Command '['gphoto2', '--capture-image-and-download', '--force-overwrite', '--filename', '/media/usb/continousScanning_0037/360/20241230-120603.jpg']' returned non-zero exit status 1.
[DEBUG] LED on GPIO 27 turned OFF.
[DEBUG] Signal received. Cleaning up GPIO...
[DEBUG] Releasing GPIO resources...
[DEBUG] GPIO resources released.
[DEBUG] Releasing GPIO resources...
[ERROR] No GPIO resources to release: 'unknown handle'
[Mon Dec 30 12:15:57 PM CET 2024] Starting theta_button.sh
[Mon Dec 30 12:15:57 PM CET 2024] Killed conflicting processes
[Mon Dec 30 12:16:02 PM CET 2024] Starting theta_button.py

*** Error ***              
An error occurred in the io-library ('Could not claim the USB device'): Could not claim interface 0 (Device or resource busy). Make sure no other program (gvfs-gphoto2-volume-monitor) or kernel module (such as sdc2xx, stv680, spca50x) is using the device and you have read/write access to the device.
ERROR: Could not capture image.
ERROR: Could not capture.
*** Error (-53: 'Could not claim the USB device') ***       

For debugging messages, please use the --debug option.
Debugging messages may help finding a solution to your problem.
If you intend to send any error or debug messages to the gphoto
developer mailing list <gphoto-devel@lists.sourceforge.net>, please run
gphoto2 as follows:

    env LANG=C gphoto2 --debug --debug-logfile=my-logfile.txt --capture-image-and-download --force-overwrite --filename /media/usb/continousScanning_0038/360/20241230-121704.jpg

Please make sure there is sufficient quoting around the arguments.


*** Error ***              
An error occurred in the io-library ('Could not claim the USB device'): Could not claim interface 0 (Device or resource busy). Make sure no other program (gvfs-gphoto2-volume-monitor) or kernel module (such as sdc2xx, stv680, spca50x) is using the device and you have read/write access to the device.
ERROR: Could not capture image.
ERROR: Could not capture.
*** Error (-53: 'Could not claim the USB device') ***       

For debugging messages, please use the --debug option.
Debugging messages may help finding a solution to your problem.
If you intend to send any error or debug messages to the gphoto
developer mailing list <gphoto-devel@lists.sourceforge.net>, please run
gphoto2 as follows:

    env LANG=C gphoto2 --debug --debug-logfile=my-logfile.txt --capture-image-and-download --force-overwrite --filename /media/usb/continousScanning_0038/360/20241230-121708.jpg

Please make sure there is sufficient quoting around the arguments.

[Mon Dec 30 12:53:34 PM CET 2024] Starting theta_button.sh
[Mon Dec 30 12:53:34 PM CET 2024] Killing GPIO users...
[Mon Dec 30 12:53:35 PM CET 2024] Killing USB users...
[Mon Dec 30 12:53:36 PM CET 2024] Killed conflicting processes
[Mon Dec 30 12:53:38 PM CET 2024] Starting theta_button.py
New file is in location /store_00020001/DCIM/100RICOH/R0012170.JPG on the camera
Saving file as /media/usb/continousScanning_0040/360/20241230-125435.jpg
Deleting file /store_00020001/DCIM/100RICOH/R0012170.JPG on the camera
New file is in location /store_00020001/DCIM/100RICOH/R0012171.JPG on the camera
Saving file as /media/usb/continousScanning_0040/360/20241230-125453.jpg
Deleting file /store_00020001/DCIM/100RICOH/R0012171.JPG on the camera
[DEBUG] Killing existing GPIO users...
[DEBUG] Checking for GPIO users...
[DEBUG] No active GPIO users found.
[DEBUG] Killing interfering USB processes...
[DEBUG] Checking for camera resource locks...
[DEBUG] No camera resource locks found.
[DEBUG] Attempt 1 to set up GPIO...
[DEBUG] Claiming GPIOs...
[DEBUG] GPIO setup complete.
[DEBUG] GPIO setup successful.
[DEBUG] Service started. Waiting for button press...
[DEBUG] Button pressed. Capturing photo...
[DEBUG] LED on GPIO 27 turned ON.
[DEBUG] Retrieving photo output directory...
[ERROR] Error retrieving photo directory: [Errno 2] No such file or directory: '/tmp/current_output_folder.txt'
[ERROR] Photo output directory not available.
[DEBUG] LED on GPIO 27 turned OFF.
[DEBUG] Button pressed. Capturing photo...
[DEBUG] LED on GPIO 27 turned ON.
[DEBUG] Retrieving photo output directory...
[ERROR] Error retrieving photo directory: [Errno 2] No such file or directory: '/tmp/current_output_folder.txt'
[ERROR] Photo output directory not available.
[DEBUG] LED on GPIO 27 turned OFF.
[DEBUG] Button pressed. Capturing photo...
[DEBUG] LED on GPIO 27 turned ON.
[DEBUG] Retrieving photo output directory...
[ERROR] Error retrieving photo directory: [Errno 2] No such file or directory: '/tmp/current_output_folder.txt'
[ERROR] Photo output directory not available.
[DEBUG] LED on GPIO 27 turned OFF.
[DEBUG] Button pressed. Capturing photo...
[DEBUG] LED on GPIO 27 turned ON.
[DEBUG] Retrieving photo output directory...
[ERROR] Error retrieving photo directory: [Errno 2] No such file or directory: '/tmp/current_output_folder.txt'
[ERROR] Photo output directory not available.
[DEBUG] LED on GPIO 27 turned OFF.
[DEBUG] Button pressed. Capturing photo...
[DEBUG] LED on GPIO 27 turned ON.
[DEBUG] Retrieving photo output directory...
[DEBUG] Photo output directory: /media/usb/continousScanning_0040/360
[DEBUG] Capturing photo to /media/usb/continousScanning_0040/360/20241230-125435.jpg...
[DEBUG] Photo captured: /media/usb/continousScanning_0040/360/20241230-125435.jpg
[DEBUG] LED on GPIO 27 turned OFF.
[DEBUG] Button pressed. Capturing photo...
[DEBUG] LED on GPIO 27 turned ON.
[DEBUG] Retrieving photo output directory...
[DEBUG] Photo output directory: /media/usb/continousScanning_0040/360
[DEBUG] Capturing photo to /media/usb/continousScanning_0040/360/20241230-125453.jpg...
[DEBUG] Photo captured: /media/usb/continousScanning_0040/360/20241230-125453.jpg
[DEBUG] LED on GPIO 27 turned OFF.
[DEBUG] Signal received. Cleaning up GPIO...
[DEBUG] Releasing GPIO resources...
[DEBUG] GPIO resources released.
[DEBUG] Releasing GPIO resources...
[ERROR] No GPIO resources to release: 'unknown handle'
[Mon Dec 30 12:55:41 PM CET 2024] Starting theta_button.sh
[Mon Dec 30 12:55:41 PM CET 2024] Killing GPIO users...
[Mon Dec 30 12:55:43 PM CET 2024] Killing USB users...
[Mon Dec 30 12:55:43 PM CET 2024] Killed conflicting processes
[Mon Dec 30 12:55:45 PM CET 2024] Starting theta_button.py
New file is in location /store_00020001/DCIM/100RICOH/R0012172.JPG on the camera
Saving file as /media/usb/continousScanning_0041/360/20241230-125651.jpg
Deleting file /store_00020001/DCIM/100RICOH/R0012172.JPG on the camera
New file is in location /store_00020001/DCIM/100RICOH/R0012173.JPG on the camera
Saving file as /media/usb/continousScanning_0041/360/20241230-125713.jpg
Deleting file /store_00020001/DCIM/100RICOH/R0012173.JPG on the camera
New file is in location /store_00020001/DCIM/100RICOH/R0012174.JPG on the camera
Saving file as /media/usb/continousScanning_0041/360/20241230-125732.jpg
Deleting file /store_00020001/DCIM/100RICOH/R0012174.JPG on the camera
New file is in location /store_00020001/DCIM/100RICOH/R0012175.JPG on the camera
Saving file as /media/usb/continousScanning_0041/360/20241230-125802.jpg
Deleting file /store_00020001/DCIM/100RICOH/R0012175.JPG on the camera
[Mon Dec 30 12:58:04 PM CET 2024] Starting theta_button.sh
[Mon Dec 30 12:58:04 PM CET 2024] Killing GPIO users...
[Mon Dec 30 12:58:06 PM CET 2024] Killing USB users...
[Mon Dec 30 12:58:06 PM CET 2024] Killed conflicting processes
[Mon Dec 30 12:58:08 PM CET 2024] Starting theta_button.py
[DEBUG] Killing existing GPIO users...
[DEBUG] Checking for GPIO users...
[DEBUG] No active GPIO users found.
[DEBUG] Killing interfering USB processes...
[DEBUG] Checking for camera resource locks...
[DEBUG] No camera resource locks found.
[DEBUG] Attempt 1 to set up GPIO...
[DEBUG] Claiming GPIOs...
[DEBUG] GPIO setup complete.
[DEBUG] GPIO setup successful.
[DEBUG] Service started. Waiting for button press...
[DEBUG] Signal received. Cleaning up GPIO...
[DEBUG] Releasing GPIO resources...
[DEBUG] GPIO resources released.
[DEBUG] Releasing GPIO resources...
[ERROR] No GPIO resources to release: 'unknown handle'
[Mon Dec 30 01:42:12 PM CET 2024] Starting theta_button.sh
[Mon Dec 30 01:42:12 PM CET 2024] Killing GPIO users...
[Mon Dec 30 01:42:14 PM CET 2024] Killing USB users...
[Mon Dec 30 01:42:14 PM CET 2024] Killed conflicting processes
[Mon Dec 30 01:42:16 PM CET 2024] Starting theta_button.py
New file is in location /store_00020001/DCIM/100RICOH/R0012176.JPG on the camera
Saving file as /media/usb/continousScanning_0044/360/20241230-134353.jpg
Deleting file /store_00020001/DCIM/100RICOH/R0012176.JPG on the camera
[DEBUG] Killing existing GPIO users...
[DEBUG] Checking for GPIO users...
[DEBUG] No active GPIO users found.
[DEBUG] Killing interfering USB processes...
[DEBUG] Checking for camera resource locks...
[DEBUG] No camera resource locks found.
[DEBUG] Attempt 1 to set up GPIO...
[DEBUG] Claiming GPIOs...
[DEBUG] GPIO setup complete.
[DEBUG] GPIO setup successful.
[DEBUG] Service started. Waiting for button press...
[DEBUG] Button pressed. Capturing photo...
[DEBUG] LED on GPIO 27 turned ON.
[DEBUG] Retrieving photo output directory...
[DEBUG] Photo output directory: /media/usb/continousScanning_0044/360
[DEBUG] Capturing photo to /media/usb/continousScanning_0044/360/20241230-134353.jpg...
[DEBUG] Photo captured: /media/usb/continousScanning_0044/360/20241230-134353.jpg
[DEBUG] LED on GPIO 27 turned OFF.
[DEBUG] Signal received. Cleaning up GPIO...
[DEBUG] Releasing GPIO resources...
[DEBUG] GPIO resources released.
[DEBUG] Releasing GPIO resources...
[ERROR] No GPIO resources to release: 'unknown handle'
[Mon Dec 30 01:56:53 PM CET 2024] Starting theta_button.sh
[Mon Dec 30 01:56:53 PM CET 2024] Killing GPIO users...
[Mon Dec 30 01:56:55 PM CET 2024] Killing USB users...
[Mon Dec 30 01:56:55 PM CET 2024] Killed conflicting processes
[Mon Dec 30 01:56:57 PM CET 2024] Starting theta_button.py
[DEBUG] Killing existing GPIO users...
[DEBUG] Checking for GPIO users...
[DEBUG] No active GPIO users found.
[DEBUG] Killing interfering USB processes...
[DEBUG] Checking for camera resource locks...
[DEBUG] No camera resource locks found.
[DEBUG] Attempt 1 to set up GPIO...
[DEBUG] Claiming GPIOs...
[DEBUG] GPIO setup complete.
[DEBUG] GPIO setup successful.
[DEBUG] Service started. Waiting for button press...
[DEBUG] Signal received. Cleaning up GPIO...
[DEBUG] Releasing GPIO resources...
[DEBUG] GPIO resources released.
[DEBUG] Releasing GPIO resources...
[ERROR] No GPIO resources to release: 'unknown handle'
[Mon Dec 30 02:01:05 PM CET 2024] Starting theta_button.sh
[Mon Dec 30 02:01:05 PM CET 2024] Killing GPIO users...
[Mon Dec 30 02:01:07 PM CET 2024] Killing USB users...
[Mon Dec 30 02:01:07 PM CET 2024] Killed conflicting processes
[Mon Dec 30 02:01:09 PM CET 2024] Starting theta_button.py
[DEBUG] Killing existing GPIO users...
[DEBUG] Checking for GPIO users...
[DEBUG] No active GPIO users found.
[DEBUG] Killing interfering USB processes...
[DEBUG] Checking for camera resource locks...
[DEBUG] No camera resource locks found.
[DEBUG] Attempt 1 to set up GPIO...
[DEBUG] Claiming GPIOs...
[DEBUG] GPIO setup complete.
[DEBUG] GPIO setup successful.
[DEBUG] Service started. Waiting for button press...
[DEBUG] Signal received. Cleaning up GPIO...
[DEBUG] Releasing GPIO resources...
[DEBUG] GPIO resources released.
[DEBUG] Releasing GPIO resources...
[ERROR] No GPIO resources to release: 'unknown handle'
[Mon Dec 30 02:14:41 PM CET 2024] Starting theta_button.sh
[Mon Dec 30 02:14:41 PM CET 2024] Killing GPIO users...
[Mon Dec 30 02:14:42 PM CET 2024] Killing USB users...
[Mon Dec 30 02:14:43 PM CET 2024] Killed conflicting processes
[Mon Dec 30 02:14:45 PM CET 2024] Starting theta_button.py
[DEBUG] Killing existing GPIO users...
[DEBUG] Checking for GPIO users...
[DEBUG] No active GPIO users found.
[DEBUG] Killing interfering USB processes...
[DEBUG] Checking for camera resource locks...
[DEBUG] No camera resource locks found.
[DEBUG] Attempt 1 to set up GPIO...
[DEBUG] Claiming GPIOs...
[DEBUG] GPIO setup complete.
[DEBUG] GPIO setup successful.
[DEBUG] Service started. Waiting for button press...
[DEBUG] Signal received. Cleaning up GPIO...
[DEBUG] Releasing GPIO resources...
[DEBUG] GPIO resources released.
[DEBUG] Releasing GPIO resources...
[ERROR] No GPIO resources to release: 'unknown handle'
[Mon Dec 30 02:17:43 PM CET 2024] Starting theta_button.sh
[Mon Dec 30 02:17:43 PM CET 2024] Killing GPIO users...
[Mon Dec 30 02:17:44 PM CET 2024] Killing USB users...
[Mon Dec 30 02:17:44 PM CET 2024] Killed conflicting processes
[Mon Dec 30 02:17:46 PM CET 2024] Starting theta_button.py
[DEBUG] Killing existing GPIO users...
[DEBUG] Checking for GPIO users...
[DEBUG] No active GPIO users found.
[DEBUG] Killing interfering USB processes...
[DEBUG] Checking for camera resource locks...
[DEBUG] No camera resource locks found.
[DEBUG] Attempt 1 to set up GPIO...
[DEBUG] Claiming GPIOs...
[DEBUG] GPIO setup complete.
[DEBUG] GPIO setup successful.
[DEBUG] Service started. Waiting for button press...
[DEBUG] Signal received. Cleaning up GPIO...
[DEBUG] Releasing GPIO resources...
[DEBUG] GPIO resources released.
[DEBUG] Releasing GPIO resources...
[ERROR] No GPIO resources to release: 'unknown handle'
[Mon Dec 30 02:39:17 PM CET 2024] Starting theta_button.sh
[Mon Dec 30 02:39:17 PM CET 2024] Killing GPIO users...
[Mon Dec 30 02:39:18 PM CET 2024] Killing USB users...
[Mon Dec 30 02:39:18 PM CET 2024] Killed conflicting processes
[Mon Dec 30 02:39:21 PM CET 2024] Starting theta_button.py
[Mon Dec 30 02:57:42 PM CET 2024] Starting theta_button.sh
[Mon Dec 30 02:57:42 PM CET 2024] Killing GPIO users...
[Mon Dec 30 02:57:43 PM CET 2024] Killing USB users...
[Mon Dec 30 02:57:43 PM CET 2024] Killed conflicting processes
[Mon Dec 30 02:57:46 PM CET 2024] Starting theta_button.py
New file is in location /store_00020001/DCIM/100RICOH/R0012178.JPG on the camera
Saving file as /media/usb/continousScanning_0050/360/20241230-145906.jpg
Deleting file /store_00020001/DCIM/100RICOH/R0012178.JPG on the camera
New file is in location /store_00020001/DCIM/100RICOH/R0012179.JPG on the camera
Saving file as /media/usb/continousScanning_0050/360/20241230-145934.jpg
Deleting file /store_00020001/DCIM/100RICOH/R0012179.JPG on the camera
New file is in location /store_00020001/DCIM/100RICOH/R0012180.JPG on the camera
Saving file as /media/usb/continousScanning_0050/360/20241230-145956.jpg
Deleting file /store_00020001/DCIM/100RICOH/R0012180.JPG on the camera
New file is in location /store_00020001/DCIM/100RICOH/R0012181.JPG on the camera
Saving file as /media/usb/continousScanning_0050/360/20241230-150023.jpg
Deleting file /store_00020001/DCIM/100RICOH/R0012181.JPG on the camera
[DEBUG] Checking for GPIO users...
[DEBUG] No active GPIO users found.
[DEBUG] Checking for camera resource locks...
[DEBUG] No active USB locks found.
[DEBUG] Claiming GPIOs...
[DEBUG] GPIO setup complete.
[DEBUG] Service started. Waiting for button press...
[DEBUG] Button pressed. Capturing photo...
[ERROR] LIDAR timestamp file not found: /tmp/lidar_timestamps.txt
[DEBUG] Photo captured: /media/usb/continousScanning_0050/360/20241230-145906.jpg
[WARNING] No valid LIDAR timestamp available.
[DEBUG] Button pressed. Capturing photo...
[DEBUG] Latest LIDAR timestamp extracted: 84466072550
[DEBUG] Photo captured: /media/usb/continousScanning_0050/360/20241230-145934.jpg
[DEBUG] Saved to timestamps.txt: 20241230-145934.jpg, 84466072550
[DEBUG] Button pressed. Capturing photo...
[DEBUG] Latest LIDAR timestamp extracted: 109198738050
[DEBUG] Photo captured: /media/usb/continousScanning_0050/360/20241230-145956.jpg
[DEBUG] Saved to timestamps.txt: 20241230-145956.jpg, 109198738050
[DEBUG] Button pressed. Capturing photo...
[DEBUG] Latest LIDAR timestamp extracted: 135085432550
[DEBUG] Photo captured: /media/usb/continousScanning_0050/360/20241230-150023.jpg
[DEBUG] Saved to timestamps.txt: 20241230-150023.jpg, 135085432550
[ERROR] Unexpected error: name 'release_gpio' is not defined
Traceback (most recent call last):
  File "/home/flipper/theta/theta_button.py", line 149, in <module>
    def handle_signal(signum, frame, chip_handle):
        ^^^^^^
  File "/home/flipper/theta/theta_button.py", line 146, in main
    log.write(f"{timestamp}, ERROR: {e}\n")
    ^^^^^^^^^^^^
NameError: name 'release_gpio' is not defined
[Mon Dec 30 03:27:35 PM CET 2024] Starting theta_button.sh
[Mon Dec 30 03:27:35 PM CET 2024] Killing GPIO users...
[Mon Dec 30 03:27:37 PM CET 2024] Killing USB users...
[Mon Dec 30 03:27:37 PM CET 2024] Killed conflicting processes
[Mon Dec 30 03:27:39 PM CET 2024] Starting theta_button.py
[DEBUG] Killing existing GPIO users...
[DEBUG] Checking for GPIO users...
[DEBUG] No active GPIO users found.
[DEBUG] Killing interfering USB processes...
[DEBUG] Checking for camera resource locks...
[DEBUG] No camera resource locks found.
[DEBUG] Attempt 1 to set up GPIO...
[DEBUG] Claiming GPIOs...
[DEBUG] GPIO setup complete.
[DEBUG] GPIO setup successful.
[DEBUG] Service started. Waiting for button press...
[DEBUG] Button pressed. Capturing photo...
[DEBUG] LED on GPIO 27 turned ON.
[ERROR] Unexpected error: name 'extract_latest_timestamp' is not defined
[DEBUG] Releasing GPIO resources...
[DEBUG] GPIO resources released.
[Mon Dec 30 03:40:25 PM CET 2024] Starting theta_button.sh
[Mon Dec 30 03:40:25 PM CET 2024] Killing GPIO users...
[Mon Dec 30 03:40:27 PM CET 2024] Killing USB users...
[Mon Dec 30 03:40:27 PM CET 2024] Killed conflicting processes
[Mon Dec 30 03:40:29 PM CET 2024] Starting theta_button.py
New file is in location /store_00020001/DCIM/100RICOH/R0012184.JPG on the camera
Saving file as /media/usb/continousScanning_0052/360/20241230-154201.jpg
Deleting file /store_00020001/DCIM/100RICOH/R0012184.JPG on the camera
New file is in location /store_00020001/DCIM/100RICOH/R0012185.JPG on the camera
Saving file as /media/usb/continousScanning_0052/360/20241230-154220.jpg
Deleting file /store_00020001/DCIM/100RICOH/R0012185.JPG on the camera
New file is in location /store_00020001/DCIM/100RICOH/R0012186.JPG on the camera
Saving file as /media/usb/continousScanning_0052/360/20241230-154255.jpg
Deleting file /store_00020001/DCIM/100RICOH/R0012186.JPG on the camera
[DEBUG] Killing existing GPIO users...
[DEBUG] Checking for GPIO users...
[DEBUG] No active GPIO users found.
[DEBUG] Killing interfering USB processes...
[DEBUG] Checking for camera resource locks...
[DEBUG] No camera resource locks found.
[DEBUG] Attempt 1 to set up GPIO...
[DEBUG] Claiming GPIOs...
[DEBUG] GPIO setup complete.
[DEBUG] GPIO setup successful.
[DEBUG] Service started. Waiting for button press...
[DEBUG] Button pressed. Capturing photo...
[DEBUG] LED on GPIO 27 turned ON.
[ERROR] LIDAR timestamp file not found: /tmp/lidar_timestamps.txt
[DEBUG] Retrieving photo output directory...
[DEBUG] Photo output directory: /media/usb/continousScanning_0052/360
[DEBUG] Photo captured: /media/usb/continousScanning_0052/360/20241230-154201.jpg
[WARNING] No LiDAR timestamp available for this photo.
[DEBUG] LED on GPIO 27 turned OFF.
[DEBUG] Button pressed. Capturing photo...
[DEBUG] LED on GPIO 27 turned ON.
[ERROR] LIDAR timestamp file not found: /tmp/lidar_timestamps.txt
[DEBUG] Retrieving photo output directory...
[DEBUG] Photo output directory: /media/usb/continousScanning_0052/360
[DEBUG] Photo captured: /media/usb/continousScanning_0052/360/20241230-154220.jpg
[WARNING] No LiDAR timestamp available for this photo.
[DEBUG] LED on GPIO 27 turned OFF.
[DEBUG] Button pressed. Capturing photo...
[DEBUG] LED on GPIO 27 turned ON.
[ERROR] LIDAR timestamp file not found: /tmp/lidar_timestamps.txt
[DEBUG] Retrieving photo output directory...
[DEBUG] Photo output directory: /media/usb/continousScanning_0052/360
[DEBUG] Photo captured: /media/usb/continousScanning_0052/360/20241230-154255.jpg
[WARNING] No LiDAR timestamp available for this photo.
[DEBUG] LED on GPIO 27 turned OFF.
[DEBUG] Signal received. Cleaning up GPIO...
[DEBUG] Releasing GPIO resources...
[DEBUG] GPIO resources released.
[DEBUG] Releasing GPIO resources...
[ERROR] No GPIO resources to release: 'unknown handle'
[Mon Dec 30 03:43:15 PM CET 2024] Starting theta_button.sh
[Mon Dec 30 03:43:15 PM CET 2024] Killing GPIO users...
[Mon Dec 30 03:43:17 PM CET 2024] Killing USB users...
[Mon Dec 30 03:43:17 PM CET 2024] Killed conflicting processes
[Mon Dec 30 03:43:19 PM CET 2024] Starting theta_button.py
New file is in location /store_00020001/DCIM/100RICOH/R0012187.JPG on the camera
Saving file as /media/usb/continousScanning_0053/360/20241230-154557.jpg
Deleting file /store_00020001/DCIM/100RICOH/R0012187.JPG on the camera
New file is in location /store_00020001/DCIM/100RICOH/R0012188.JPG on the camera
Saving file as /media/usb/continousScanning_0053/360/20241230-154628.jpg
Deleting file /store_00020001/DCIM/100RICOH/R0012188.JPG on the camera
[DEBUG] Killing existing GPIO users...
[DEBUG] Checking for GPIO users...
[DEBUG] No active GPIO users found.
[DEBUG] Killing interfering USB processes...
[DEBUG] Checking for camera resource locks...
[DEBUG] No camera resource locks found.
[DEBUG] Attempt 1 to set up GPIO...
[DEBUG] Claiming GPIOs...
[DEBUG] GPIO setup complete.
[DEBUG] GPIO setup successful.
[DEBUG] Service started. Waiting for button press...
[DEBUG] Button pressed. Capturing photo...
[DEBUG] LED on GPIO 27 turned ON.
[DEBUG] Retrieving photo output directory...
[DEBUG] Photo output directory: /media/usb/continousScanning_0053/360
[DEBUG] Photo captured: /media/usb/continousScanning_0053/360/20241230-154557.jpg
[DEBUG] Saved to timestamps.txt: 20241230-154557.jpg, 156739086590
[DEBUG] LED on GPIO 27 turned OFF.
[DEBUG] Button pressed. Capturing photo...
[DEBUG] LED on GPIO 27 turned ON.
[DEBUG] Retrieving photo output directory...
[DEBUG] Photo output directory: /media/usb/continousScanning_0053/360
[DEBUG] Photo captured: /media/usb/continousScanning_0053/360/20241230-154628.jpg
[DEBUG] Saved to timestamps.txt: 20241230-154628.jpg, 186996846590
[DEBUG] LED on GPIO 27 turned OFF.
[DEBUG] Signal received. Cleaning up GPIO...
[DEBUG] Releasing GPIO resources...
[DEBUG] GPIO resources released.
[DEBUG] Releasing GPIO resources...
[ERROR] No GPIO resources to release: 'unknown handle'
[Mon Dec 30 05:10:37 PM CET 2024] Starting theta_button.sh
[Mon Dec 30 05:10:37 PM CET 2024] Killing GPIO users...
[Mon Dec 30 05:10:39 PM CET 2024] Killing USB users...
[Mon Dec 30 05:10:39 PM CET 2024] Killed conflicting processes
[Mon Dec 30 05:10:41 PM CET 2024] Starting theta_button.py
[DEBUG] Killing existing GPIO users...
[DEBUG] Checking for GPIO users...
[DEBUG] No active GPIO users found.
[DEBUG] Killing interfering USB processes...
[DEBUG] Checking for camera resource locks...
[DEBUG] No camera resource locks found.
[DEBUG] Attempt 1 to set up GPIO...
[DEBUG] Claiming GPIOs...
[DEBUG] GPIO setup complete.
[DEBUG] GPIO setup successful.
[DEBUG] Service started. Waiting for button press...
[DEBUG] Signal received. Cleaning up GPIO...
[DEBUG] Releasing GPIO resources...
[DEBUG] GPIO resources released.
[DEBUG] Releasing GPIO resources...
[ERROR] No GPIO resources to release: 'unknown handle'
[Mon Dec 30 05:55:07 PM CET 2024] Starting theta_button.sh
[Mon Dec 30 05:55:07 PM CET 2024] Killing GPIO users...
[Mon Dec 30 05:55:08 PM CET 2024] Killing USB users...
[Mon Dec 30 05:55:09 PM CET 2024] Killed conflicting processes
[Mon Dec 30 05:55:11 PM CET 2024] Starting theta_button.py
New file is in location /store_00020001/DCIM/100RICOH/R0012190.JPG on the camera
Saving file as /media/usb/continousScanning_0056/360/20241230-180216.jpg
Deleting file /store_00020001/DCIM/100RICOH/R0012190.JPG on the camera
[DEBUG] Killing existing GPIO users...
[DEBUG] Checking for GPIO users...
[DEBUG] No active GPIO users found.
[DEBUG] Killing interfering USB processes...
[DEBUG] Checking for camera resource locks...
[DEBUG] No camera resource locks found.
[DEBUG] Attempt 1 to set up GPIO...
[DEBUG] Claiming GPIOs...
[DEBUG] GPIO setup complete.
[DEBUG] GPIO setup successful.
[DEBUG] Service started. Waiting for button press...
[DEBUG] Button pressed. Capturing photo...
[DEBUG] LED on GPIO 27 turned ON.
[DEBUG] Retrieving photo output directory...
[DEBUG] Photo output directory: /media/usb/continousScanning_0056/360
[DEBUG] Photo captured: /media/usb/continousScanning_0056/360/20241230-180216.jpg
[DEBUG] Saved to timestamps.txt: 20241230-180216.jpg, 449900877660
[DEBUG] LED on GPIO 27 turned OFF.
[DEBUG] Signal received. Cleaning up GPIO...
[DEBUG] Releasing GPIO resources...
[DEBUG] GPIO resources released.
[DEBUG] Releasing GPIO resources...
[ERROR] No GPIO resources to release: 'unknown handle'
[Mon Dec 30 07:40:52 PM CET 2024] Starting theta_button.sh
[Mon Dec 30 07:40:52 PM CET 2024] Killing GPIO users...
[Mon Dec 30 07:40:54 PM CET 2024] Killing USB users...
[Mon Dec 30 07:40:54 PM CET 2024] Killed conflicting processes
[Mon Dec 30 07:40:56 PM CET 2024] Starting theta_button.py
[DEBUG] Killing existing GPIO users...
[DEBUG] Checking for GPIO users...
[DEBUG] No active GPIO users found.
[DEBUG] Killing interfering USB processes...
[DEBUG] Checking for camera resource locks...
[DEBUG] No camera resource locks found.
[DEBUG] Attempt 1 to set up GPIO...
[DEBUG] Claiming GPIOs...
[DEBUG] GPIO setup complete.
[DEBUG] GPIO setup successful.
[DEBUG] Service started. Waiting for button press...
[DEBUG] Signal received. Cleaning up GPIO...
[DEBUG] Releasing GPIO resources...
[DEBUG] GPIO resources released.
[DEBUG] Releasing GPIO resources...
[ERROR] No GPIO resources to release: 'unknown handle'
[Mon Dec 30 07:56:14 PM CET 2024] Starting theta_button.sh
[Mon Dec 30 07:56:14 PM CET 2024] Killing GPIO users...
[Mon Dec 30 07:56:16 PM CET 2024] Killing USB users...
[Mon Dec 30 07:56:16 PM CET 2024] Killed conflicting processes
[Mon Dec 30 07:56:18 PM CET 2024] Starting theta_button.py
[DEBUG] Killing existing GPIO users...
[DEBUG] Checking for GPIO users...
[DEBUG] No active GPIO users found.
[DEBUG] Killing interfering USB processes...
[DEBUG] Checking for camera resource locks...
[DEBUG] No camera resource locks found.
[DEBUG] Attempt 1 to set up GPIO...
[DEBUG] Claiming GPIOs...
[DEBUG] GPIO setup complete.
[DEBUG] GPIO setup successful.
[DEBUG] Service started. Waiting for button press...
[DEBUG] Signal received. Cleaning up GPIO...
[DEBUG] Releasing GPIO resources...
[DEBUG] GPIO resources released.
[DEBUG] Releasing GPIO resources...
[ERROR] No GPIO resources to release: 'unknown handle'
[Mon Dec 30 08:09:41 PM CET 2024] Starting theta_button.sh
[Mon Dec 30 08:09:41 PM CET 2024] Killing GPIO users...
[Mon Dec 30 08:09:43 PM CET 2024] Killing USB users...
[Mon Dec 30 08:09:43 PM CET 2024] Killed conflicting processes
[Mon Dec 30 08:09:45 PM CET 2024] Starting theta_button.py
  File "/home/flipper/theta/theta_button.py", line 206
    while True:
TabError: inconsistent use of tabs and spaces in indentation
[Mon Dec 30 08:28:33 PM CET 2024] Starting theta_button.sh
[Mon Dec 30 08:28:33 PM CET 2024] Killing GPIO users...
[Mon Dec 30 08:28:35 PM CET 2024] Killing USB users...
[Mon Dec 30 08:28:35 PM CET 2024] Killed conflicting processes
[Mon Dec 30 08:28:37 PM CET 2024] Starting theta_button.py
[Mon Dec 30 08:53:57 PM CET 2024] Starting theta_button.sh
[Mon Dec 30 08:53:57 PM CET 2024] Killing GPIO users...
[Mon Dec 30 08:53:58 PM CET 2024] Killing USB users...
[Mon Dec 30 08:53:58 PM CET 2024] Killed conflicting processes
[Mon Dec 30 08:54:00 PM CET 2024] Starting theta_button.py
New file is in location /store_00020001/DCIM/100RICOH/R0012191.JPG on the camera
Saving file as /media/usb/continousScanning_0063/360/20241230-205605.jpg
Deleting file /store_00020001/DCIM/100RICOH/R0012191.JPG on the camera
[Mon Dec 30 08:56:54 PM CET 2024] Starting theta_button.sh
[Mon Dec 30 08:56:54 PM CET 2024] Killing GPIO users...
[Mon Dec 30 08:56:56 PM CET 2024] Killing USB users...
[Mon Dec 30 08:56:56 PM CET 2024] Killed conflicting processes
[Mon Dec 30 08:56:58 PM CET 2024] Starting theta_button.py
[DEBUG] Killing existing GPIO users...
[DEBUG] Checking for GPIO users...
[DEBUG] No active GPIO users found.
[DEBUG] Killing interfering USB processes...
[DEBUG] Checking for camera resource locks...
[DEBUG] No camera resource locks found.
[DEBUG] Attempt 1 to set up GPIO...
[DEBUG] Claiming GPIOs...
[DEBUG] GPIO setup complete.
[DEBUG] GPIO setup successful.
[DEBUG] Service started. Waiting for button press...
[DEBUG] Signal received. Cleaning up GPIO...
[DEBUG] Releasing GPIO resources...
[DEBUG] GPIO resources released.
[DEBUG] Releasing GPIO resources...
[ERROR] No GPIO resources to release: 'unknown handle'
[Tue Dec 31 08:44:24 AM CET 2024] Starting theta_button.sh
[Tue Dec 31 08:44:24 AM CET 2024] Killing GPIO users...
[Tue Dec 31 08:44:26 AM CET 2024] Killing USB users...
[Tue Dec 31 08:44:26 AM CET 2024] Killed conflicting processes
[Tue Dec 31 08:44:28 AM CET 2024] Starting theta_button.py
New file is in location /store_00020001/DCIM/100RICOH/R0012192.JPG on the camera
Saving file as /media/usb/continousScanning_0065/360/20241231-084609.jpg
Deleting file /store_00020001/DCIM/100RICOH/R0012192.JPG on the camera
New file is in location /store_00020001/DCIM/100RICOH/R0012193.JPG on the camera
Saving file as /media/usb/continousScanning_0065/360/20241231-084643.jpg
Deleting file /store_00020001/DCIM/100RICOH/R0012193.JPG on the camera
New file is in location /store_00020001/DCIM/100RICOH/R0012194.JPG on the camera
Saving file as /media/usb/continousScanning_0065/360/20241231-084719.jpg
Deleting file /store_00020001/DCIM/100RICOH/R0012194.JPG on the camera
[DEBUG] Killing existing GPIO users...
[DEBUG] Checking for GPIO users...
[DEBUG] No active GPIO users found.
[DEBUG] Killing interfering USB processes...
[DEBUG] Checking for camera resource locks...
[DEBUG] No camera resource locks found.
[DEBUG] Attempt 1 to set up GPIO...
[DEBUG] Claiming GPIOs...
[DEBUG] GPIO setup complete.
[DEBUG] GPIO setup successful.
[DEBUG] Service started. Waiting for button press...
[DEBUG] Button pressed. Capturing photo...
[DEBUG] LED on GPIO 27 turned ON.
[DEBUG] Listening for latest timestamp from ZeroMQ...
[DEBUG] Retrieving photo output directory...
[DEBUG] Photo output directory: /media/usb/continousScanning_0065/360
[DEBUG] Photo captured: /media/usb/continousScanning_0065/360/20241231-084609.jpg
[DEBUG] Saved to timestamps.txt: 20241231-084609.jpg, 102206939080
[DEBUG] LED on GPIO 27 turned OFF.
[DEBUG] Button pressed. Capturing photo...
[DEBUG] LED on GPIO 27 turned ON.
[DEBUG] Listening for latest timestamp from ZeroMQ...
[DEBUG] Retrieving photo output directory...
[DEBUG] Photo output directory: /media/usb/continousScanning_0065/360
[DEBUG] Photo captured: /media/usb/continousScanning_0065/360/20241231-084643.jpg
[DEBUG] Saved to timestamps.txt: 20241231-084643.jpg, 133858871080
[DEBUG] LED on GPIO 27 turned OFF.
[DEBUG] Button pressed. Capturing photo...
[DEBUG] LED on GPIO 27 turned ON.
[DEBUG] Listening for latest timestamp from ZeroMQ...
[DEBUG] Retrieving photo output directory...
[DEBUG] Photo output directory: /media/usb/continousScanning_0065/360
[DEBUG] Photo captured: /media/usb/continousScanning_0065/360/20241231-084719.jpg
[DEBUG] Saved to timestamps.txt: 20241231-084719.jpg, 169004471080
[DEBUG] LED on GPIO 27 turned OFF.
[DEBUG] Button pressed. Capturing photo...
[DEBUG] LED on GPIO 27 turned ON.
[DEBUG] Listening for latest timestamp from ZeroMQ...
[DEBUG] Signal received. Cleaning up GPIO...
[DEBUG] Releasing GPIO resources...
[DEBUG] GPIO resources released.
[DEBUG] Releasing GPIO resources...
[ERROR] No GPIO resources to release: 'unknown handle'
[Tue Dec 31 08:59:16 AM CET 2024] Starting theta_button.sh
[Tue Dec 31 08:59:16 AM CET 2024] Killing GPIO users...
[Tue Dec 31 08:59:18 AM CET 2024] Killing USB users...
[Tue Dec 31 08:59:18 AM CET 2024] Killed conflicting processes
[Tue Dec 31 08:59:21 AM CET 2024] Starting theta_button.py
[DEBUG] Killing existing GPIO users...
[DEBUG] Checking for GPIO users...
[DEBUG] No active GPIO users found.
[DEBUG] Killing interfering USB processes...
[DEBUG] Checking for camera resource locks...
[DEBUG] No camera resource locks found.
[DEBUG] Attempt 1 to set up GPIO...
[DEBUG] Claiming GPIOs...
[DEBUG] GPIO setup complete.
[DEBUG] GPIO setup successful.
[DEBUG] Service started. Waiting for button press...
[DEBUG] Button pressed. Capturing photo...
[DEBUG] LED on GPIO 27 turned ON.
[DEBUG] Listening for latest timestamp from ZeroMQ...
[DEBUG] Signal received. Cleaning up GPIO...
[DEBUG] Releasing GPIO resources...
[DEBUG] GPIO resources released.
[DEBUG] Releasing GPIO resources...
[ERROR] No GPIO resources to release: 'unknown handle'
[Tue Dec 31 09:01:39 AM CET 2024] Starting theta_button.sh
[Tue Dec 31 09:01:39 AM CET 2024] Killing GPIO users...
[Tue Dec 31 09:01:42 AM CET 2024] Killing USB users...
[Tue Dec 31 09:01:42 AM CET 2024] Killed conflicting processes
[Tue Dec 31 09:01:44 AM CET 2024] Starting theta_button.py
New file is in location /store_00020001/DCIM/100RICOH/R0012197.JPG on the camera
Saving file as /media/usb/continousScanning_0067/360/20241231-090306.jpg
Deleting file /store_00020001/DCIM/100RICOH/R0012197.JPG on the camera
New file is in location /store_00020001/DCIM/100RICOH/R0012198.JPG on the camera
Saving file as /media/usb/continousScanning_0067/360/20241231-090334.jpg
Deleting file /store_00020001/DCIM/100RICOH/R0012198.JPG on the camera
New file is in location /store_00020001/DCIM/100RICOH/R0012199.JPG on the camera
Saving file as /media/usb/continousScanning_0067/360/20241231-090353.jpg
Deleting file /store_00020001/DCIM/100RICOH/R0012199.JPG on the camera
New file is in location /store_00020001/DCIM/100RICOH/R0012200.JPG on the camera
Saving file as /media/usb/continousScanning_0067/360/20241231-090410.jpg
Deleting file /store_00020001/DCIM/100RICOH/R0012200.JPG on the camera
[Tue Dec 31 09:47:38 AM CET 2024] Starting theta_button.sh
[Tue Dec 31 09:47:38 AM CET 2024] Killing GPIO users...
[Tue Dec 31 09:47:39 AM CET 2024] Killing USB users...
[Tue Dec 31 09:47:39 AM CET 2024] Killed conflicting processes
[Tue Dec 31 09:47:41 AM CET 2024] Starting theta_button.py
[Tue Dec 31 09:48:24 AM CET 2024] Starting theta_button.sh
[Tue Dec 31 09:48:24 AM CET 2024] Killing GPIO users...
[Tue Dec 31 09:48:26 AM CET 2024] Killing USB users...
[Tue Dec 31 09:48:26 AM CET 2024] Killed conflicting processes
[Tue Dec 31 09:48:29 AM CET 2024] Starting theta_button.py
[DEBUG] Killing existing GPIO users...
[DEBUG] Checking for GPIO users...
[DEBUG] No active GPIO users found.
[DEBUG] Killing interfering USB processes...
[DEBUG] Checking for camera resource locks...
[DEBUG] No camera resource locks found.
[DEBUG] Attempt 1 to set up GPIO...
[DEBUG] Claiming GPIOs...
[DEBUG] GPIO setup complete.
[DEBUG] GPIO setup successful.
[DEBUG] Service started. Waiting for button press...
[DEBUG] Signal received. Cleaning up GPIO...
[DEBUG] Releasing GPIO resources...
[DEBUG] GPIO resources released.
[DEBUG] Releasing GPIO resources...
[ERROR] No GPIO resources to release: 'unknown handle'
[Tue Dec 31 09:50:47 AM CET 2024] Starting theta_button.sh
[Tue Dec 31 09:50:47 AM CET 2024] Killing GPIO users...
[Tue Dec 31 09:50:49 AM CET 2024] Killing USB users...
[Tue Dec 31 09:50:50 AM CET 2024] Killed conflicting processes
[Tue Dec 31 09:50:52 AM CET 2024] Starting theta_button.py
New file is in location /store_00020001/DCIM/100RICOH/R0012201.JPG on the camera
Saving file as /media/usb/continousScanning_0070/360/20241231-095327.jpg
Deleting file /store_00020001/DCIM/100RICOH/R0012201.JPG on the camera
New file is in location /store_00020001/DCIM/100RICOH/R0012202.JPG on the camera
Saving file as /media/usb/continousScanning_0070/360/20241231-095350.jpg
Deleting file /store_00020001/DCIM/100RICOH/R0012202.JPG on the camera
New file is in location /store_00020001/DCIM/100RICOH/R0012203.JPG on the camera
Saving file as /media/usb/continousScanning_0070/360/20241231-095430.jpg
Deleting file /store_00020001/DCIM/100RICOH/R0012203.JPG on the camera
[Tue Dec 31 10:28:03 AM CET 2024] Starting theta_button.sh
[Tue Dec 31 10:28:03 AM CET 2024] Killing GPIO users...
[Tue Dec 31 10:28:04 AM CET 2024] Killing USB users...
[Tue Dec 31 10:28:04 AM CET 2024] Killed conflicting processes
[Tue Dec 31 10:28:06 AM CET 2024] Starting theta_button.py
[DEBUG] Killing existing GPIO users...
[DEBUG] Checking for GPIO users...
[DEBUG] No active GPIO users found.
[DEBUG] Killing interfering USB processes...
[DEBUG] Checking for camera resource locks...
[DEBUG] No camera resource locks found.
[DEBUG] Attempt 1 to set up GPIO...
[DEBUG] Claiming GPIOs...
[DEBUG] GPIO setup complete.
[DEBUG] GPIO setup successful.
[DEBUG] Service started. Waiting for button press...
[DEBUG] Signal received. Cleaning up GPIO...
[DEBUG] Releasing GPIO resources...
[DEBUG] GPIO resources released.
[DEBUG] Releasing GPIO resources...
[ERROR] No GPIO resources to release: 'unknown handle'
[Tue Dec 31 01:29:50 PM CET 2024] Starting theta_button.sh
[Tue Dec 31 01:29:50 PM CET 2024] Killing GPIO users...
[Tue Dec 31 01:29:52 PM CET 2024] Killing USB users...
[Tue Dec 31 01:29:52 PM CET 2024] Killed conflicting processes
[Tue Dec 31 01:29:54 PM CET 2024] Starting theta_button.py
New file is in location /store_00020001/DCIM/100RICOH/R0012205.JPG on the camera
Saving file as /media/usb/continousScanning_0072/360/20241231-144803.jpg
Deleting file /store_00020001/DCIM/100RICOH/R0012205.JPG on the camera
New file is in location /store_00020001/DCIM/100RICOH/R0012206.JPG on the camera
Saving file as /media/usb/continousScanning_0072/360/20241231-144831.jpg
Deleting file /store_00020001/DCIM/100RICOH/R0012206.JPG on the camera
New file is in location /store_00020001/DCIM/100RICOH/R0012207.JPG on the camera
Saving file as /media/usb/continousScanning_0072/360/20241231-144850.jpg
Deleting file /store_00020001/DCIM/100RICOH/R0012207.JPG on the camera
New file is in location /store_00020001/DCIM/100RICOH/R0012208.JPG on the camera
Saving file as /media/usb/continousScanning_0072/360/20241231-144907.jpg
Deleting file /store_00020001/DCIM/100RICOH/R0012208.JPG on the camera
[Tue Dec 31 02:53:13 PM CET 2024] Starting theta_button.sh
[Tue Dec 31 02:53:13 PM CET 2024] Killing GPIO users...
[Tue Dec 31 02:53:14 PM CET 2024] Killing USB users...
[Tue Dec 31 02:53:14 PM CET 2024] Killed conflicting processes
[Tue Dec 31 02:53:17 PM CET 2024] Starting theta_button.py
[Tue Dec 31 03:46:07 PM CET 2024] Starting theta_button.sh
[Tue Dec 31 03:46:08 PM CET 2024] Killing GPIO users...
[Tue Dec 31 03:46:09 PM CET 2024] Killing USB users...
[Tue Dec 31 03:46:09 PM CET 2024] Killed conflicting processes
[Tue Dec 31 03:46:11 PM CET 2024] Starting theta_button.py
[Tue Dec 31 04:22:18 PM CET 2024] Starting theta_button.sh
[Tue Dec 31 04:22:19 PM CET 2024] Killing GPIO users...
[Tue Dec 31 04:22:21 PM CET 2024] Killing USB users...
[Tue Dec 31 04:22:21 PM CET 2024] Killed conflicting processes
[Tue Dec 31 04:22:23 PM CET 2024] Starting theta_button.py
New file is in location /store_00020001/DCIM/100RICOH/R0012209.JPG on the camera
Saving file as /media/usb/continousScanning_0073/360/20241231-162653.jpg
Deleting file /store_00020001/DCIM/100RICOH/R0012209.JPG on the camera
New file is in location /store_00020001/DCIM/100RICOH/R0012210.JPG on the camera
Saving file as /media/usb/continousScanning_0073/360/20241231-162722.jpg
Deleting file /store_00020001/DCIM/100RICOH/R0012210.JPG on the camera
New file is in location /store_00020001/DCIM/100RICOH/R0012211.JPG on the camera
Saving file as /media/usb/continousScanning_0073/360/20241231-162751.jpg
Deleting file /store_00020001/DCIM/100RICOH/R0012211.JPG on the camera
New file is in location /store_00020001/DCIM/100RICOH/R0012212.JPG on the camera
Saving file as /media/usb/continousScanning_0073/360/20241231-162819.jpg
Deleting file /store_00020001/DCIM/100RICOH/R0012212.JPG on the camera
New file is in location /store_00020001/DCIM/100RICOH/R0012213.JPG on the camera
Saving file as /media/usb/continousScanning_0073/360/20241231-162844.jpg
Deleting file /store_00020001/DCIM/100RICOH/R0012213.JPG on the camera
[Tue Dec 31 04:29:16 PM CET 2024] Starting theta_button.sh
[Tue Dec 31 04:29:16 PM CET 2024] Killing GPIO users...
[Tue Dec 31 04:29:18 PM CET 2024] Killing USB users...
[Tue Dec 31 04:29:18 PM CET 2024] Killed conflicting processes
[Tue Dec 31 04:29:21 PM CET 2024] Starting theta_button.py
[DEBUG] Killing existing GPIO users...
[DEBUG] Checking for GPIO users...
[DEBUG] No active GPIO users found.
[DEBUG] Killing interfering USB processes...
[DEBUG] Checking for camera resource locks...
[DEBUG] No camera resource locks found.
[DEBUG] Attempt 1 to set up GPIO...
[DEBUG] Claiming GPIOs...
[DEBUG] GPIO setup complete.
[DEBUG] GPIO setup successful.
[DEBUG] Service started. Waiting for button press...
[DEBUG] Signal received. Cleaning up GPIO...
[DEBUG] Releasing GPIO resources...
[DEBUG] GPIO resources released.
[DEBUG] Releasing GPIO resources...
[ERROR] No GPIO resources to release: 'unknown handle'
[Tue Dec 31 04:50:37 PM CET 2024] Starting theta_button.sh
[Tue Dec 31 04:50:37 PM CET 2024] Killing GPIO users...
[Tue Dec 31 04:50:39 PM CET 2024] Killing USB users...
[Tue Dec 31 04:50:39 PM CET 2024] Killed conflicting processes
[Tue Dec 31 04:50:41 PM CET 2024] Starting theta_button.py
[Tue Dec 31 04:51:24 PM CET 2024] Starting theta_button.sh
[Tue Dec 31 04:51:24 PM CET 2024] Killing GPIO users...
[Tue Dec 31 04:51:26 PM CET 2024] Killing USB users...
[Tue Dec 31 04:51:26 PM CET 2024] Killed conflicting processes
[Tue Dec 31 04:51:28 PM CET 2024] Starting theta_button.py
New file is in location /store_00020001/DCIM/100RICOH/R0012214.JPG on the camera
Saving file as /media/usb/continousScanning_0074/360/20241231-165304.jpg
Deleting file /store_00020001/DCIM/100RICOH/R0012214.JPG on the camera
New file is in location /store_00020001/DCIM/100RICOH/R0012215.JPG on the camera
Saving file as /media/usb/continousScanning_0074/360/20241231-165332.jpg
Deleting file /store_00020001/DCIM/100RICOH/R0012215.JPG on the camera
New file is in location /store_00020001/DCIM/100RICOH/R0012216.JPG on the camera
Saving file as /media/usb/continousScanning_0074/360/20241231-165401.jpg
Deleting file /store_00020001/DCIM/100RICOH/R0012216.JPG on the camera
New file is in location /store_00020001/DCIM/100RICOH/R0012217.JPG on the camera
Saving file as /media/usb/continousScanning_0074/360/20241231-165428.jpg
Deleting file /store_00020001/DCIM/100RICOH/R0012217.JPG on the camera
New file is in location /store_00020001/DCIM/100RICOH/R0012218.JPG on the camera
Saving file as /media/usb/continousScanning_0074/360/20241231-165457.jpg
Deleting file /store_00020001/DCIM/100RICOH/R0012218.JPG on the camera
[Tue Dec 31 04:55:12 PM CET 2024] Starting theta_button.sh
[Tue Dec 31 04:55:12 PM CET 2024] Killing GPIO users...
[Tue Dec 31 04:55:14 PM CET 2024] Killing USB users...
[Tue Dec 31 04:55:14 PM CET 2024] Killed conflicting processes
[Tue Dec 31 04:55:16 PM CET 2024] Starting theta_button.py
[DEBUG] Killing existing GPIO users...
[DEBUG] Checking for GPIO users...
[DEBUG] No active GPIO users found.
[DEBUG] Killing interfering USB processes...
[DEBUG] Checking for camera resource locks...
[DEBUG] No camera resource locks found.
[DEBUG] Attempt 1 to set up GPIO...
[DEBUG] Claiming GPIOs...
[DEBUG] GPIO setup complete.
[DEBUG] GPIO setup successful.
[DEBUG] Service started. Waiting for button press...
[DEBUG] Signal received. Cleaning up GPIO...
[DEBUG] Releasing GPIO resources...
[DEBUG] GPIO resources released.
[DEBUG] Releasing GPIO resources...
[ERROR] No GPIO resources to release: 'unknown handle'
[Tue Dec 31 05:21:59 PM CET 2024] Starting theta_button.sh
[Tue Dec 31 05:21:59 PM CET 2024] Killing GPIO users...
[Tue Dec 31 05:22:00 PM CET 2024] Killing USB users...
[Tue Dec 31 05:22:00 PM CET 2024] Killed conflicting processes
[Tue Dec 31 05:22:03 PM CET 2024] Starting theta_button.py
Model                          Port            
----------------------------------------------------------
Ricoh Theta Z1 (MTP)           usb:002,003     
New file is in location /store_00020001/DCIM/100RICOH/R0012219.JPG on the camera
Saving file as /media/usb/continousScanning_0075/360/20241231-172334.jpg
Deleting file /store_00020001/DCIM/100RICOH/R0012219.JPG on the camera
New file is in location /store_00020001/DCIM/100RICOH/R0012220.JPG on the camera
Saving file as /media/usb/continousScanning_0075/360/20241231-172406.jpg
Deleting file /store_00020001/DCIM/100RICOH/R0012220.JPG on the camera
New file is in location /store_00020001/DCIM/100RICOH/R0012221.JPG on the camera
Saving file as /media/usb/continousScanning_0075/360/20241231-172507.jpg
Deleting file /store_00020001/DCIM/100RICOH/R0012221.JPG on the camera
[Tue Dec 31 05:25:24 PM CET 2024] Starting theta_button.sh
[Tue Dec 31 05:25:24 PM CET 2024] Killing GPIO users...
[Tue Dec 31 05:25:26 PM CET 2024] Killing USB users...
[Tue Dec 31 05:25:26 PM CET 2024] Killed conflicting processes
[Tue Dec 31 05:25:28 PM CET 2024] Starting theta_button.py
Model                          Port            
----------------------------------------------------------
Ricoh Theta Z1 (MTP)           usb:002,003     
[Tue Dec 31 05:27:09 PM CET 2024] Starting theta_button.sh
[Tue Dec 31 05:27:09 PM CET 2024] Killing GPIO users...
[Tue Dec 31 05:27:11 PM CET 2024] Killing USB users...
[Tue Dec 31 05:27:11 PM CET 2024] Killed conflicting processes
[Tue Dec 31 05:27:13 PM CET 2024] Starting theta_button.py
Model                          Port            
----------------------------------------------------------
Ricoh Theta Z1 (MTP)           usb:002,003     
New file is in location /store_00020001/DCIM/100RICOH/R0012223.JPG on the camera
Saving file as /media/usb/continousScanning_0077/360/20241231-173138.jpg
Deleting file /store_00020001/DCIM/100RICOH/R0012223.JPG on the camera
[DEBUG] Killing existing GPIO users...
[DEBUG] Checking for GPIO users...
[DEBUG] No active GPIO users found.
[DEBUG] Killing interfering USB processes...
[DEBUG] Checking for camera resource locks...
[DEBUG] No camera resource locks found.
[DEBUG] Attempt 1 to set up GPIO...
[DEBUG] Claiming GPIOs...
[DEBUG] GPIO setup complete.
[DEBUG] GPIO setup successful.
[DEBUG] Listening for latest timestamp from ZeroMQ...
[DEBUG] Pre-warming camera interface...
[DEBUG] Service started. Waiting for button press...
[DEBUG] Button pressed. Retrieving timestamp...
[DEBUG] Listening for latest timestamp from ZeroMQ...
[DEBUG] Retrieving photo output directory...
[DEBUG] Photo output directory: /media/usb/continousScanning_0077/360
[DEBUG] Capturing photo...
[DEBUG] Photo captured: /media/usb/continousScanning_0077/360/20241231-173138.jpg
[DEBUG] Saved to timestamps.txt: 20241231-173138.jpg, 87343809320
[DEBUG] Signal received. Cleaning up GPIO...
[DEBUG] Releasing GPIO resources...
[DEBUG] GPIO resources released.
[DEBUG] Releasing GPIO resources...
[ERROR] No GPIO resources to release: 'unknown handle'
[Tue Dec 31 05:33:19 PM CET 2024] Starting theta_button.sh
[Tue Dec 31 05:33:19 PM CET 2024] Killing GPIO users...
[Tue Dec 31 05:33:21 PM CET 2024] Killing USB users...
[Tue Dec 31 05:33:21 PM CET 2024] Killed conflicting processes
[Tue Dec 31 05:33:23 PM CET 2024] Starting theta_button.py
  File "/home/flipper/mandeye_controller/code/theta_button.py", line 213
    while True:
    ^^^^^
SyntaxError: expected 'except' or 'finally' block
[Tue Dec 31 05:34:40 PM CET 2024] Starting theta_button.sh
[Tue Dec 31 05:34:40 PM CET 2024] Killing GPIO users...
[Tue Dec 31 05:34:42 PM CET 2024] Killing USB users...
[Tue Dec 31 05:34:42 PM CET 2024] Killed conflicting processes
[Tue Dec 31 05:34:44 PM CET 2024] Starting theta_button.py
  File "/home/flipper/mandeye_controller/code/theta_button.py", line 213
    while True:
    ^^^^^
SyntaxError: expected 'except' or 'finally' block
[Tue Dec 31 05:37:59 PM CET 2024] Starting theta_button.sh
[Tue Dec 31 05:37:59 PM CET 2024] Killing GPIO users...
[Tue Dec 31 05:38:01 PM CET 2024] Killing USB users...
[Tue Dec 31 05:38:01 PM CET 2024] Killed conflicting processes
[Tue Dec 31 05:38:03 PM CET 2024] Starting theta_button.py
New file is in location /store_00020001/DCIM/100RICOH/R0012224.JPG on the camera
Saving file as /media/usb/continousScanning_0080/360/20241231-173911.jpg
Deleting file /store_00020001/DCIM/100RICOH/R0012224.JPG on the camera
New file is in location /store_00020001/DCIM/100RICOH/R0012225.JPG on the camera
Saving file as /media/usb/continousScanning_0080/360/20241231-173928.jpg
Deleting file /store_00020001/DCIM/100RICOH/R0012225.JPG on the camera
[DEBUG] Killing existing GPIO users...
[DEBUG] Checking for GPIO users...
[DEBUG] No active GPIO users found.
[DEBUG] Killing interfering USB processes...
[DEBUG] Checking for camera resource locks...
[DEBUG] No camera resource locks found.
[DEBUG] Attempt 1 to set up GPIO...
[DEBUG] Claiming GPIOs...
[DEBUG] GPIO setup complete.
[DEBUG] GPIO setup successful.
[DEBUG] Service started. Waiting for button press...
[DEBUG] Button pressed. Capturing photo...
[DEBUG] LED on GPIO 27 turned ON.
[DEBUG] Listening for latest timestamp from ZeroMQ...
[DEBUG] Retrieving photo output directory...
[DEBUG] Photo output directory: /media/usb/continousScanning_0080/360
[DEBUG] Photo captured: /media/usb/continousScanning_0080/360/20241231-173911.jpg
[DEBUG] Saved to timestamps.txt: 20241231-173911.jpg, 154461890630
[DEBUG] LED on GPIO 27 turned OFF.
[DEBUG] Button pressed. Capturing photo...
[DEBUG] LED on GPIO 27 turned ON.
[DEBUG] Listening for latest timestamp from ZeroMQ...
[DEBUG] Retrieving photo output directory...
[DEBUG] Photo output directory: /media/usb/continousScanning_0080/360
[DEBUG] Photo captured: /media/usb/continousScanning_0080/360/20241231-173928.jpg
[DEBUG] Saved to timestamps.txt: 20241231-173928.jpg, 174188693130
[DEBUG] LED on GPIO 27 turned OFF.
[DEBUG] Signal received. Cleaning up GPIO...
[DEBUG] Releasing GPIO resources...
[DEBUG] GPIO resources released.
[DEBUG] Releasing GPIO resources...
[ERROR] No GPIO resources to release: 'unknown handle'
[Tue Dec 31 05:44:37 PM CET 2024] Starting theta_button.sh
[Tue Dec 31 05:44:37 PM CET 2024] Killing GPIO users...
[Tue Dec 31 05:44:39 PM CET 2024] Killing USB users...
[Tue Dec 31 05:44:39 PM CET 2024] Killed conflicting processes
[Tue Dec 31 05:44:41 PM CET 2024] Pre-warming Theta camera...
Model                          Port            
----------------------------------------------------------
Ricoh Theta Z1 (MTP)           usb:002,003     
*** Error (-6: 'Unsupported operation') ***       

For debugging messages, please use the --debug option.
Debugging messages may help finding a solution to your problem.
If you intend to send any error or debug messages to the gphoto
developer mailing list <gphoto-devel@lists.sourceforge.net>, please run
gphoto2 as follows:

    env LANG=C gphoto2 --debug --debug-logfile=my-logfile.txt --capture-preview --filename=/tmp/prewarm.jpg

Please make sure there is sufficient quoting around the arguments.

[Tue Dec 31 05:44:47 PM CET 2024] Starting theta_button.py
New file is in location /store_00020001/DCIM/100RICOH/R0012226.JPG on the camera
Saving file as /media/usb/continousScanning_0081/360/20241231-174611.jpg
Deleting file /store_00020001/DCIM/100RICOH/R0012226.JPG on the camera
New file is in location /store_00020001/DCIM/100RICOH/R0012227.JPG on the camera
Saving file as /media/usb/continousScanning_0081/360/20241231-174626.jpg
Deleting file /store_00020001/DCIM/100RICOH/R0012227.JPG on the camera
[DEBUG] Killing existing GPIO users...
[DEBUG] Checking for GPIO users...
[DEBUG] No active GPIO users found.
[DEBUG] Killing interfering USB processes...
[DEBUG] Checking for camera resource locks...
[DEBUG] No camera resource locks found.
[DEBUG] Attempt 1 to set up GPIO...
[DEBUG] Claiming GPIOs...
[DEBUG] GPIO setup complete.
[DEBUG] GPIO setup successful.
[DEBUG] Service started. Waiting for button press...
[DEBUG] Button pressed. Capturing photo...
[DEBUG] LED on GPIO 27 turned ON.
[DEBUG] Listening for latest timestamp from ZeroMQ...
[DEBUG] Retrieving photo output directory...
[DEBUG] Photo output directory: /media/usb/continousScanning_0081/360
[DEBUG] Photo captured: /media/usb/continousScanning_0081/360/20241231-174611.jpg
[DEBUG] Saved to timestamps.txt: 20241231-174611.jpg, 89856093790
[DEBUG] LED on GPIO 27 turned OFF.
[DEBUG] Button pressed. Capturing photo...
[DEBUG] LED on GPIO 27 turned ON.
[DEBUG] Listening for latest timestamp from ZeroMQ...
[DEBUG] Retrieving photo output directory...
[DEBUG] Photo output directory: /media/usb/continousScanning_0081/360
[DEBUG] Photo captured: /media/usb/continousScanning_0081/360/20241231-174626.jpg
[DEBUG] Saved to timestamps.txt: 20241231-174626.jpg, 107888681540
[DEBUG] LED on GPIO 27 turned OFF.
[DEBUG] Signal received. Cleaning up GPIO...
[DEBUG] Releasing GPIO resources...
[DEBUG] GPIO resources released.
[DEBUG] Releasing GPIO resources...
[ERROR] No GPIO resources to release: 'unknown handle'
[Tue Dec 31 05:56:37 PM CET 2024] Starting theta_button.sh
[Tue Dec 31 05:56:37 PM CET 2024] Killing GPIO users...
[Tue Dec 31 05:56:39 PM CET 2024] Killing USB users...
[Tue Dec 31 05:56:39 PM CET 2024] Killed conflicting processes
[Tue Dec 31 05:56:41 PM CET 2024] Pre-warming Theta camera...
New file is in location /store_00020001/DCIM/100RICOH/R0012228.JPG on the camera
Saving file as /tmp/dummy.jpg
Deleting file /store_00020001/DCIM/100RICOH/R0012228.JPG on the camera
[Tue Dec 31 05:56:57 PM CET 2024] Theta camera pre-warmed successfully
[Tue Dec 31 05:56:57 PM CET 2024] Starting theta_button.py
New file is in location /store_00020001/DCIM/100RICOH/R0012229.JPG on the camera
Saving file as /media/usb/continousScanning_0082/360/20241231-175750.jpg
Deleting file /store_00020001/DCIM/100RICOH/R0012229.JPG on the camera
[DEBUG] Killing existing GPIO users...
[DEBUG] Checking for GPIO users...
[DEBUG] No active GPIO users found.
[DEBUG] Killing interfering USB processes...
[DEBUG] Checking for camera resource locks...
[DEBUG] No camera resource locks found.
[DEBUG] Attempt 1 to set up GPIO...
[DEBUG] Claiming GPIOs...
[DEBUG] GPIO setup complete.
[DEBUG] GPIO setup successful.
[DEBUG] Service started. Waiting for button press...
[DEBUG] Button pressed. Capturing photo...
[DEBUG] LED on GPIO 27 turned ON.
[DEBUG] Listening for latest timestamp from ZeroMQ...
[DEBUG] Retrieving photo output directory...
[DEBUG] Photo output directory: /media/usb/continousScanning_0082/360
[DEBUG] Photo captured: /media/usb/continousScanning_0082/360/20241231-175750.jpg
[DEBUG] Saved to timestamps.txt: 20241231-175750.jpg, 68807632740
[DEBUG] LED on GPIO 27 turned OFF.
[DEBUG] Signal received. Cleaning up GPIO...
[DEBUG] Releasing GPIO resources...
[DEBUG] GPIO resources released.
[DEBUG] Releasing GPIO resources...
[ERROR] No GPIO resources to release: 'unknown handle'
[Tue Dec 31 06:13:10 PM CET 2024] Starting theta initialization script.
[Tue Dec 31 06:13:10 PM CET 2024] Killing GPIO users...
[Tue Dec 31 06:13:12 PM CET 2024] GPIO users processes killed (if any).
[Tue Dec 31 06:13:12 PM CET 2024] Killing USB users...
[Tue Dec 31 06:13:12 PM CET 2024] USB users processes killed (if any).
[Tue Dec 31 06:13:14 PM CET 2024] Starting theta_button.py...
[DEBUG] Killing existing GPIO users...
[DEBUG] Checking for GPIO users...
[DEBUG] No active GPIO users found.
[DEBUG] Killing interfering USB processes...
[DEBUG] Checking for camera resource locks...
[DEBUG] No camera resource locks found.
[DEBUG] Attempt 1 to set up GPIO...
[DEBUG] Claiming GPIOs...
[DEBUG] GPIO setup complete.
[DEBUG] GPIO setup successful.
[DEBUG] Simulating button press for initialization...
[DEBUG] LED on GPIO 27 turned ON.
[DEBUG] Listening for latest timestamp from ZeroMQ...
[DEBUG] Signal received. Cleaning up GPIO...
[DEBUG] Releasing GPIO resources...
[DEBUG] GPIO resources released.
[DEBUG] Releasing GPIO resources...
[ERROR] No GPIO resources to release: 'unknown handle'
[Tue Dec 31 06:16:10 PM CET 2024] Starting theta initialization script.
[Tue Dec 31 06:16:10 PM CET 2024] Killing GPIO users...
[Tue Dec 31 06:16:11 PM CET 2024] GPIO users processes killed (if any).
[Tue Dec 31 06:16:11 PM CET 2024] Killing USB users...
[Tue Dec 31 06:16:12 PM CET 2024] USB users processes killed (if any).
[Tue Dec 31 06:16:14 PM CET 2024] Starting theta_button.py...
[DEBUG] Killing existing GPIO users...
[DEBUG] Checking for GPIO users...
[DEBUG] No active GPIO users found.
[DEBUG] Killing interfering USB processes...
[DEBUG] Checking for camera resource locks...
[DEBUG] No camera resource locks found.
[DEBUG] Attempt 1 to set up GPIO...
[DEBUG] Claiming GPIOs...
[DEBUG] GPIO setup complete.
[DEBUG] GPIO setup successful.
[DEBUG] Simulating button press for initialization...
[DEBUG] LED on GPIO 27 turned ON.
[DEBUG] Listening for latest timestamp from ZeroMQ...
[DEBUG] Signal received. Cleaning up GPIO...
[DEBUG] Releasing GPIO resources...
[DEBUG] GPIO resources released.
[ERROR] Error turning LED off: 'unknown handle'
[DEBUG] Releasing GPIO resources...
[ERROR] No GPIO resources to release: 'unknown handle'
[Tue Dec 31 06:20:06 PM CET 2024] Starting theta initialization script.
[Tue Dec 31 06:20:06 PM CET 2024] Killing GPIO users...
[Tue Dec 31 06:20:08 PM CET 2024] GPIO users processes killed (if any).
[Tue Dec 31 06:20:08 PM CET 2024] Killing USB users...
[Tue Dec 31 06:20:08 PM CET 2024] USB users processes killed (if any).
[Tue Dec 31 06:20:10 PM CET 2024] Starting theta_button.py...
[DEBUG] Killing existing GPIO users...
[DEBUG] Checking for GPIO users...
[DEBUG] No active GPIO users found.
[DEBUG] Killing interfering USB processes...
[DEBUG] Checking for camera resource locks...
[DEBUG] No camera resource locks found.
[DEBUG] Attempt 1 to set up GPIO...
[DEBUG] Claiming GPIOs...
[DEBUG] GPIO setup complete.
[DEBUG] GPIO setup successful.
[DEBUG] Simulating button press for initialization...
[DEBUG] LED on GPIO 27 turned ON.
[DEBUG] Listening for latest timestamp from ZeroMQ...
[DEBUG] Signal received. Cleaning up GPIO...
[DEBUG] Releasing GPIO resources...
[DEBUG] GPIO resources released.
[ERROR] Error turning LED off: 'unknown handle'
[DEBUG] Simulated button press completed, LED turned off.
[DEBUG] Releasing GPIO resources...
[ERROR] No GPIO resources to release: 'unknown handle'
[Tue Dec 31 06:25:49 PM CET 2024] Starting theta initialization script.
[Tue Dec 31 06:25:49 PM CET 2024] Killing GPIO users...
[Tue Dec 31 06:25:51 PM CET 2024] GPIO users processes killed (if any).
[Tue Dec 31 06:25:51 PM CET 2024] Killing USB users...
[Tue Dec 31 06:25:51 PM CET 2024] USB users processes killed (if any).
[Tue Dec 31 06:25:53 PM CET 2024] Starting theta_button.py...
New file is in location /store_00020001/DCIM/100RICOH/R0012231.JPG on the camera
Saving file as /tmp/test.jpg
Deleting file /store_00020001/DCIM/100RICOH/R0012231.JPG on the camera
[DEBUG] Simulating button press by capturing an image...
[DEBUG] Test image captured successfully.
[DEBUG] Temporary image removed.
[DEBUG] Killing existing GPIO users...
[DEBUG] Checking for GPIO users...
[DEBUG] No active GPIO users found.
[DEBUG] Killing interfering USB processes...
[DEBUG] Checking for camera resource locks...
[DEBUG] No camera resource locks found.
[DEBUG] Attempt 1 to set up GPIO...
[DEBUG] Claiming GPIOs...
[DEBUG] GPIO setup complete.
[DEBUG] GPIO setup successful.
[ERROR] Unexpected error: simulate_button_press() takes 0 positional arguments but 1 was given
[DEBUG] Releasing GPIO resources...
[DEBUG] GPIO resources released.
[Tue Dec 31 06:29:19 PM CET 2024] Starting theta initialization script.
[Tue Dec 31 06:29:19 PM CET 2024] Killing GPIO users...
[Tue Dec 31 06:29:21 PM CET 2024] GPIO users processes killed (if any).
[Tue Dec 31 06:29:21 PM CET 2024] Killing USB users...
[Tue Dec 31 06:29:21 PM CET 2024] USB users processes killed (if any).
[Tue Dec 31 06:29:23 PM CET 2024] Starting theta_button.py...
New file is in location /store_00020001/DCIM/100RICOH/R0012232.JPG on the camera
Saving file as /tmp/test.jpg
Deleting file /store_00020001/DCIM/100RICOH/R0012232.JPG on the camera
New file is in location /store_00020001/DCIM/100RICOH/R0012233.JPG on the camera
Saving file as /media/usb/continousScanning_0087/360/20241231-183030.jpg
Deleting file /store_00020001/DCIM/100RICOH/R0012233.JPG on the camera
New file is in location /store_00020001/DCIM/100RICOH/R0012234.JPG on the camera
Saving file as /media/usb/continousScanning_0087/360/20241231-183046.jpg
Deleting file /store_00020001/DCIM/100RICOH/R0012234.JPG on the camera
[DEBUG] Killing existing GPIO users...
[DEBUG] Checking for GPIO users...
[DEBUG] No active GPIO users found.
[DEBUG] Killing interfering USB processes...
[DEBUG] Checking for camera resource locks...
[DEBUG] No camera resource locks found.
[DEBUG] Attempt 1 to set up GPIO...
[DEBUG] Claiming GPIOs...
[DEBUG] GPIO setup complete.
[DEBUG] GPIO setup successful.
[DEBUG] Simulating button press by capturing an image...
[DEBUG] Test image captured successfully.
[DEBUG] Temporary image removed.
[DEBUG] Service started. Waiting for button press...
[DEBUG] Button pressed. Capturing photo...
[DEBUG] LED on GPIO 27 turned ON.
[DEBUG] Listening for latest timestamp from ZeroMQ...
[DEBUG] Retrieving photo output directory...
[DEBUG] Photo output directory: /media/usb/continousScanning_0087/360
[DEBUG] Photo captured: /media/usb/continousScanning_0087/360/20241231-183030.jpg
[DEBUG] Saved to timestamps.txt: 20241231-183030.jpg, 1038992605910
[DEBUG] LED on GPIO 27 turned OFF.
[DEBUG] Button pressed. Capturing photo...
[DEBUG] LED on GPIO 27 turned ON.
[DEBUG] Listening for latest timestamp from ZeroMQ...
[DEBUG] Retrieving photo output directory...
[DEBUG] Photo output directory: /media/usb/continousScanning_0087/360
[DEBUG] Photo captured: /media/usb/continousScanning_0087/360/20241231-183046.jpg
[DEBUG] Saved to timestamps.txt: 20241231-183046.jpg, 1055601485160
[DEBUG] LED on GPIO 27 turned OFF.
[DEBUG] Signal received. Cleaning up GPIO...
[DEBUG] Releasing GPIO resources...
[DEBUG] GPIO resources released.
[DEBUG] Releasing GPIO resources...
[ERROR] No GPIO resources to release: 'unknown handle'
[Tue Dec 31 06:45:16 PM CET 2024] Starting theta initialization script.
[Tue Dec 31 06:45:16 PM CET 2024] Killing GPIO users...
[Tue Dec 31 06:45:18 PM CET 2024] GPIO users processes killed (if any).
[Tue Dec 31 06:45:18 PM CET 2024] Killing USB users...
[Tue Dec 31 06:45:18 PM CET 2024] USB users processes killed (if any).
[Tue Dec 31 06:45:20 PM CET 2024] Starting theta_button.py...
New file is in location /store_00020001/DCIM/100RICOH/R0012235.JPG on the camera
Saving file as /tmp/dummy.jpg
Deleting file /store_00020001/DCIM/100RICOH/R0012235.JPG on the camera
[Tue Dec 31 06:46:03 PM CET 2024] Starting theta initialization script.
[Tue Dec 31 06:46:03 PM CET 2024] Killing GPIO users...
[Tue Dec 31 06:46:05 PM CET 2024] GPIO users processes killed (if any).
[Tue Dec 31 06:46:05 PM CET 2024] Killing USB users...
[Tue Dec 31 06:46:05 PM CET 2024] USB users processes killed (if any).
[Tue Dec 31 06:46:07 PM CET 2024] Starting theta_button.py...
[DEBUG] Killing existing GPIO users...
[DEBUG] Checking for GPIO users...
[DEBUG] No active GPIO users found.
[DEBUG] Killing interfering USB processes...
[DEBUG] Checking for camera resource locks...
[DEBUG] No camera resource locks found.
[DEBUG] Attempt 1 to set up GPIO...
[DEBUG] Claiming GPIOs...
[DEBUG] GPIO setup complete.
[DEBUG] GPIO setup successful.
[DEBUG] Service started. Waiting for button press...
[DEBUG] Signal received. Cleaning up GPIO...
[DEBUG] Releasing GPIO resources...
[DEBUG] GPIO resources released.
[DEBUG] Releasing GPIO resources...
[ERROR] No GPIO resources to release: 'unknown handle'
[Tue Dec 31 07:51:58 PM CET 2024] Starting theta initialization script.
[Tue Dec 31 07:51:58 PM CET 2024] Killing GPIO users...
[Tue Dec 31 07:52:00 PM CET 2024] GPIO users processes killed (if any).
[Tue Dec 31 07:52:00 PM CET 2024] Killing USB users...
[Tue Dec 31 07:52:00 PM CET 2024] USB users processes killed (if any).
[Tue Dec 31 07:52:02 PM CET 2024] Starting theta_button.py...
New file is in location /store_00020001/DCIM/100RICOH/R0012236.JPG on the camera
Saving file as /tmp/dummy.jpg
Deleting file /store_00020001/DCIM/100RICOH/R0012236.JPG on the camera
New file is in location /store_00020001/DCIM/100RICOH/R0012237.JPG on the camera
Saving file as /media/usb/continousScanning_0090/360/20241231-195321.jpg
Deleting file /store_00020001/DCIM/100RICOH/R0012237.JPG on the camera
New file is in location /store_00020001/DCIM/100RICOH/R0012238.JPG on the camera
Saving file as /media/usb/continousScanning_0090/360/20241231-195336.jpg
Deleting file /store_00020001/DCIM/100RICOH/R0012238.JPG on the camera
New file is in location /store_00020001/DCIM/100RICOH/R0012239.JPG on the camera
Saving file as /media/usb/continousScanning_0090/360/20241231-195351.jpg
Deleting file /store_00020001/DCIM/100RICOH/R0012239.JPG on the camera

Cancelling...
[DEBUG] Killing existing GPIO users...
[DEBUG] Checking for GPIO users...
[DEBUG] No active GPIO users found.
[DEBUG] Killing interfering USB processes...
[DEBUG] Checking for camera resource locks...
[DEBUG] No camera resource locks found.
[DEBUG] Attempt 1 to set up GPIO...
[DEBUG] Claiming GPIOs...
[DEBUG] GPIO setup complete.
[DEBUG] GPIO setup successful.
[DEBUG] Service started. Waiting for button press...
[DEBUG] First button press detected. Activating camera...
[DEBUG] Camera activation complete. Ready for captures.
[DEBUG] Button pressed. Capturing photo...
[DEBUG] LED on GPIO 27 turned ON.
[DEBUG] Listening for latest timestamp from ZeroMQ...
[DEBUG] Retrieving photo output directory...
[DEBUG] Photo output directory: /media/usb/continousScanning_0090/360
[DEBUG] Photo captured: /media/usb/continousScanning_0090/360/20241231-195321.jpg
[DEBUG] Saved to timestamps.txt: 20241231-195321.jpg, 461351712080
[DEBUG] LED on GPIO 27 turned OFF.
[DEBUG] Button pressed. Capturing photo...
[DEBUG] LED on GPIO 27 turned ON.
[DEBUG] Listening for latest timestamp from ZeroMQ...
[DEBUG] Retrieving photo output directory...
[DEBUG] Photo output directory: /media/usb/continousScanning_0090/360
[DEBUG] Photo captured: /media/usb/continousScanning_0090/360/20241231-195336.jpg
[DEBUG] Saved to timestamps.txt: 20241231-195336.jpg, 480715125830
[DEBUG] LED on GPIO 27 turned OFF.
[DEBUG] Button pressed. Capturing photo...
[DEBUG] LED on GPIO 27 turned ON.
[DEBUG] Listening for latest timestamp from ZeroMQ...
[DEBUG] Retrieving photo output directory...
[DEBUG] Photo output directory: /media/usb/continousScanning_0090/360
[DEBUG] Signal received. Cleaning up GPIO...
[DEBUG] Releasing GPIO resources...
[DEBUG] GPIO resources released.
[DEBUG] Releasing GPIO resources...
[ERROR] No GPIO resources to release: 'unknown handle'
[Tue Dec 31 07:54:05 PM CET 2024] Starting theta initialization script.
[Tue Dec 31 07:54:05 PM CET 2024] Killing GPIO users...
[Tue Dec 31 07:54:07 PM CET 2024] GPIO users processes killed (if any).
[Tue Dec 31 07:54:07 PM CET 2024] Killing USB users...
[Tue Dec 31 07:54:07 PM CET 2024] USB users processes killed (if any).
[Tue Dec 31 07:54:10 PM CET 2024] Starting theta_button.py...
New file is in location /store_00020001/DCIM/100RICOH/R0012240.JPG on the camera
Saving file as /tmp/dummy.jpg
Deleting file /store_00020001/DCIM/100RICOH/R0012240.JPG on the camera
[DEBUG] Killing existing GPIO users...
[DEBUG] Checking for GPIO users...
[DEBUG] No active GPIO users found.
[DEBUG] Killing interfering USB processes...
[DEBUG] Checking for camera resource locks...
[DEBUG] No camera resource locks found.
[DEBUG] Attempt 1 to set up GPIO...
[DEBUG] Claiming GPIOs...
[DEBUG] GPIO setup complete.
[DEBUG] GPIO setup successful.
[DEBUG] Service started. Waiting for button press...
[DEBUG] First button press detected. Activating camera...
[DEBUG] Camera activation complete. Ready for captures.
[DEBUG] Button pressed. Capturing photo...
[DEBUG] LED on GPIO 27 turned ON.
[DEBUG] Listening for latest timestamp from ZeroMQ...
[DEBUG] Signal received. Cleaning up GPIO...
[DEBUG] Releasing GPIO resources...
[DEBUG] GPIO resources released.
[DEBUG] Releasing GPIO resources...
[ERROR] No GPIO resources to release: 'unknown handle'
[Tue Dec 31 08:12:03 PM CET 2024] Starting theta initialization script.
[Tue Dec 31 08:12:03 PM CET 2024] Killing GPIO users...
[Tue Dec 31 08:12:05 PM CET 2024] GPIO users processes killed (if any).
[Tue Dec 31 08:12:05 PM CET 2024] Killing USB users...
[Tue Dec 31 08:12:05 PM CET 2024] USB users processes killed (if any).
[Tue Dec 31 08:12:08 PM CET 2024] Starting theta_button.py...
[Tue Dec 31 08:13:23 PM CET 2024] Starting theta initialization script.
[Tue Dec 31 08:13:23 PM CET 2024] Killing GPIO users...
[Tue Dec 31 08:13:25 PM CET 2024] GPIO users processes killed (if any).
[Tue Dec 31 08:13:25 PM CET 2024] Killing USB users...
[Tue Dec 31 08:13:25 PM CET 2024] USB users processes killed (if any).
[Tue Dec 31 08:13:27 PM CET 2024] Starting theta_button.py...
[DEBUG] Checking for GPIO users...
[DEBUG] No active GPIO users found.
[DEBUG] Checking for camera resource locks...
[DEBUG] No camera resource locks found.
[DEBUG] Claiming GPIOs...
[DEBUG] GPIO setup complete.
[DEBUG] Service started. Waiting for button press...
[DEBUG] Single press detected. Waiting for double press.
[DEBUG] Single press detected. Waiting for double press.
[DEBUG] Single press detected. Waiting for double press.
[DEBUG] Single press detected. Waiting for double press.
[DEBUG] Releasing GPIO resources...
[DEBUG] GPIO resources released.
[ERROR] Unexpected error: 'unknown handle'
[DEBUG] Releasing GPIO resources...
[ERROR] No GPIO resources to release: 'unknown handle'
[Tue Dec 31 08:41:13 PM CET 2024] Starting theta initialization script.
[Tue Dec 31 08:41:13 PM CET 2024] Killing GPIO users...
[Tue Dec 31 08:41:14 PM CET 2024] GPIO users processes killed (if any).
[Tue Dec 31 08:41:14 PM CET 2024] Killing USB users...
[Tue Dec 31 08:41:15 PM CET 2024] USB users processes killed (if any).
[Tue Dec 31 08:41:17 PM CET 2024] Starting theta_button.py...
[DEBUG] Killing existing GPIO users...
[DEBUG] Checking for GPIO users...
[DEBUG] No active GPIO users found.
[DEBUG] Killing interfering USB processes...
[DEBUG] Checking for camera resource locks...
[DEBUG] No camera resource locks found.
[ERROR] Unexpected error: name 'setup_gpio_with_retry' is not defined
[DEBUG] Releasing GPIO resources...
[DEBUG] GPIO resources released.
[Tue Dec 31 08:44:22 PM CET 2024] Starting theta initialization script.
[Tue Dec 31 08:44:22 PM CET 2024] Killing GPIO users...
[Tue Dec 31 08:44:23 PM CET 2024] GPIO users processes killed (if any).
[Tue Dec 31 08:44:23 PM CET 2024] Killing USB users...
[Tue Dec 31 08:44:24 PM CET 2024] USB users processes killed (if any).
[Tue Dec 31 08:44:26 PM CET 2024] Starting theta_button.py...
[Tue Dec 31 08:58:15 PM CET 2024] Starting theta initialization script.
[Tue Dec 31 08:58:15 PM CET 2024] Killing GPIO users...
[Tue Dec 31 08:58:17 PM CET 2024] GPIO users processes killed (if any).
[Tue Dec 31 08:58:17 PM CET 2024] Killing USB users...
[Tue Dec 31 08:58:17 PM CET 2024] USB users processes killed (if any).
[Tue Dec 31 08:58:20 PM CET 2024] Starting theta_button.py...
New file is in location /store_00020001/DCIM/100RICOH/R0012242.JPG on the camera
Saving file as /media/usb/continousScanning_0096/360/20241231-210122.jpg
Deleting file /store_00020001/DCIM/100RICOH/R0012242.JPG on the camera
New file is in location /store_00020001/DCIM/100RICOH/R0012243.JPG on the camera
Saving file as /media/usb/continousScanning_0096/360/20241231-210144.jpg
Deleting file /store_00020001/DCIM/100RICOH/R0012243.JPG on the camera
New file is in location /store_00020001/DCIM/100RICOH/R0012244.JPG on the camera
Saving file as /media/usb/continousScanning_0096/360/20241231-210253.jpg
Deleting file /store_00020001/DCIM/100RICOH/R0012244.JPG on the camera
New file is in location /store_00020001/DCIM/100RICOH/R0012245.JPG on the camera
Saving file as /media/usb/continousScanning_0096/360/20241231-210311.jpg
Deleting file /store_00020001/DCIM/100RICOH/R0012245.JPG on the camera
[DEBUG] Killing existing GPIO users...
[DEBUG] Checking for GPIO users...
[DEBUG] No active GPIO users found.
[DEBUG] Killing interfering USB processes...
[DEBUG] Checking for camera resource locks...
[DEBUG] No camera resource locks found.
[DEBUG] Attempt 1 to set up GPIO...
[DEBUG] Claiming GPIOs...
[DEBUG] GPIO setup complete.
[DEBUG] GPIO setup successful.
[DEBUG] Service started. Waiting for button press...
[DEBUG] Button pressed. Capturing photo...
[DEBUG] LED on GPIO 27 turned ON.
[WARNING] No timestamp received within timeout period.
[DEBUG] Retrieving photo output directory...
[DEBUG] Photo output directory: /media/usb/continousScanning_0096/360
[DEBUG] Photo captured: /media/usb/continousScanning_0096/360/20241231-210122.jpg
[WARNING] No LiDAR timestamp available for this photo.
[DEBUG] LED on GPIO 27 turned OFF.
[DEBUG] Button pressed. Capturing photo...
[DEBUG] LED on GPIO 27 turned ON.
[WARNING] No timestamp received within timeout period.
[DEBUG] Retrieving photo output directory...
[DEBUG] Photo output directory: /media/usb/continousScanning_0096/360
[DEBUG] Photo captured: /media/usb/continousScanning_0096/360/20241231-210144.jpg
[WARNING] No LiDAR timestamp available for this photo.
[DEBUG] LED on GPIO 27 turned OFF.
[DEBUG] Button pressed. Capturing photo...
[DEBUG] LED on GPIO 27 turned ON.
[WARNING] No timestamp received within timeout period.
[DEBUG] Retrieving photo output directory...
[DEBUG] Photo output directory: /media/usb/continousScanning_0096/360
[DEBUG] Photo captured: /media/usb/continousScanning_0096/360/20241231-210253.jpg
[WARNING] No LiDAR timestamp available for this photo.
[DEBUG] LED on GPIO 27 turned OFF.
[DEBUG] Button pressed. Capturing photo...
[DEBUG] LED on GPIO 27 turned ON.
[WARNING] No timestamp received within timeout period.
[DEBUG] Retrieving photo output directory...
[DEBUG] Photo output directory: /media/usb/continousScanning_0096/360
[DEBUG] Photo captured: /media/usb/continousScanning_0096/360/20241231-210311.jpg
[WARNING] No LiDAR timestamp available for this photo.
[DEBUG] LED on GPIO 27 turned OFF.
[DEBUG] Signal received. Cleaning up GPIO...
[DEBUG] Releasing GPIO resources...
[DEBUG] GPIO resources released.
[DEBUG] Releasing GPIO resources...
[ERROR] No GPIO resources to release: 'unknown handle'
[Tue Dec 31 09:33:43 PM CET 2024] Starting theta initialization script.
[Tue Dec 31 09:33:43 PM CET 2024] Killing GPIO users...
[Tue Dec 31 09:33:44 PM CET 2024] GPIO users processes killed (if any).
[Tue Dec 31 09:33:44 PM CET 2024] Killing USB users...
[Tue Dec 31 09:33:45 PM CET 2024] USB users processes killed (if any).
[Tue Dec 31 09:33:47 PM CET 2024] Starting theta_button.py...
[DEBUG] Killing existing GPIO users...
[DEBUG] Checking for GPIO users...
[DEBUG] No active GPIO users found.
[DEBUG] Killing interfering USB processes...
[DEBUG] Checking for camera resource locks...
[DEBUG] No camera resource locks found.
[DEBUG] Claiming GPIOs...
[DEBUG] GPIO setup complete.
[DEBUG] Service started. Waiting for button press...
[DEBUG] Button pressed. Capturing photo...
[DEBUG] LED on GPIO 27 turned ON.
[DEBUG] Retrieving photo output directory...
[ERROR] Error retrieving photo directory: [Errno 2] No such file or directory: '/tmp/current_output_folder.txt'
[ERROR] Photo output directory not available.
[DEBUG] LED on GPIO 27 turned OFF.
[DEBUG] Button pressed. Capturing photo...
[DEBUG] LED on GPIO 27 turned ON.
[DEBUG] Retrieving photo output directory...
[DEBUG] Photo output directory: /media/usb/continousScanning_0097/360
[DEBUG] Capturing photo using ptpcam...
[DEBUG] Releasing GPIO resources...
[DEBUG] GPIO resources released.
Traceback (most recent call last):
  File "/home/flipper/mandeye_controller/code/theta_button.py", line 163, in <module>
    main()
  File "/home/flipper/mandeye_controller/code/theta_button.py", line 147, in main
    capture_photo(photo_output_dir)
  File "/home/flipper/mandeye_controller/code/theta_button.py", line 108, in capture_photo
    result = subprocess.run(["ptpcam", "--capture"], capture_output=True, text=True, check=True)
             ^^^^^^^^^^^^^^^^^^^^^^^^^^^^^^^^^^^^^^^^^^^^^^^^^^^^^^^^^^^^^^^^^^^^^^^^^^^^^^^^^^^
  File "/usr/lib/python3.11/subprocess.py", line 548, in run
    with Popen(*popenargs, **kwargs) as process:
         ^^^^^^^^^^^^^^^^^^^^^^^^^^^
  File "/usr/lib/python3.11/subprocess.py", line 1024, in __init__
    self._execute_child(args, executable, preexec_fn, close_fds,
  File "/usr/lib/python3.11/subprocess.py", line 1901, in _execute_child
    raise child_exception_type(errno_num, err_msg, err_filename)
FileNotFoundError: [Errno 2] No such file or directory: 'ptpcam'
[Tue Dec 31 09:47:21 PM CET 2024] Starting theta initialization script.
[Tue Dec 31 09:47:21 PM CET 2024] Killing GPIO users...
[Tue Dec 31 09:47:22 PM CET 2024] GPIO users processes killed (if any).
[Tue Dec 31 09:47:22 PM CET 2024] Killing USB users...
[Tue Dec 31 09:47:22 PM CET 2024] USB users processes killed (if any).
[Tue Dec 31 09:47:24 PM CET 2024] Starting theta_button.py...
New file is in location /store_00020001/DCIM/100RICOH/R0012247.JPG on the camera
Saving file as /tmp/dummy.jpg
Deleting file /store_00020001/DCIM/100RICOH/R0012247.JPG on the camera
[DEBUG] Killing existing GPIO users...
[DEBUG] Checking for GPIO users...
[DEBUG] No active GPIO users found.
[DEBUG] Killing interfering USB processes...
[DEBUG] Checking for camera resource locks...
[DEBUG] No camera resource locks found.
[DEBUG] Attempt 1 to set up GPIO...
[DEBUG] Claiming GPIOs...
[DEBUG] GPIO setup complete.
[DEBUG] GPIO setup successful.
[DEBUG] Service started. Waiting for button press...
[DEBUG] First button press detected. Ignoring photo save...
[DEBUG] Dummy image captured and discarded. System ready.
[DEBUG] Button pressed. Capturing photo...
[DEBUG] LED on GPIO 27 turned ON.
[DEBUG] Listening for latest timestamp from ZeroMQ...
[DEBUG] Signal received. Cleaning up GPIO...
[DEBUG] Releasing GPIO resources...
[DEBUG] GPIO resources released.
[DEBUG] Releasing GPIO resources...
[ERROR] No GPIO resources to release: 'unknown handle'
[Tue Dec 31 09:53:59 PM CET 2024] Starting theta initialization script.
[Tue Dec 31 09:53:59 PM CET 2024] Killing GPIO users...
[Tue Dec 31 09:54:00 PM CET 2024] GPIO users processes killed (if any).
[Tue Dec 31 09:54:00 PM CET 2024] Killing USB users...
[Tue Dec 31 09:54:01 PM CET 2024] USB users processes killed (if any).
[Tue Dec 31 09:54:03 PM CET 2024] Starting theta_button.py...
New file is in location /store_00020001/DCIM/100RICOH/R0012248.JPG on the camera
Saving file as /tmp/dummy.jpg
Deleting file /store_00020001/DCIM/100RICOH/R0012248.JPG on the camera
New file is in location /store_00020001/DCIM/100RICOH/R0012249.JPG on the camera
Saving file as /media/usb/continousScanning_0099/360/20241231-215619.jpg
Deleting file /store_00020001/DCIM/100RICOH/R0012249.JPG on the camera
                                                                                                                                                          [Tue Dec 31 09:56:23 PM CET 2024] Starting theta initialization script.
[Tue Dec 31 09:56:23 PM CET 2024] Killing GPIO users...
[Tue Dec 31 09:56:25 PM CET 2024] GPIO users processes killed (if any).
[Tue Dec 31 09:56:25 PM CET 2024] Killing USB users...
[Tue Dec 31 09:56:25 PM CET 2024] USB users processes killed (if any).
[Tue Dec 31 09:56:27 PM CET 2024] Starting theta_button.py...
New file is in location /store_00020001/DCIM/100RICOH/R0012251.JPG on the camera
Saving file as /tmp/dummy.jpg
Deleting file /store_00020001/DCIM/100RICOH/R0012251.JPG on the camera
New file is in location /store_00020001/DCIM/100RICOH/R0012252.JPG on the camera
Saving file as /media/usb/continousScanning_0100/360/20250101-102309.jpg
Deleting file /store_00020001/DCIM/100RICOH/R0012252.JPG on the camera
                                                                                                                                                          [Wed Jan  1 10:23:06 AM CET 2025] Starting theta initialization script.
[Wed Jan  1 10:23:07 AM CET 2025] Killing GPIO users...
[Wed Jan  1 10:23:08 AM CET 2025] GPIO users processes killed (if any).
[Wed Jan  1 10:23:08 AM CET 2025] Killing USB users...
[Wed Jan  1 10:23:08 AM CET 2025] USB users processes killed (if any).
[Wed Jan  1 10:23:11 AM CET 2025] Starting theta_button.py...
New file is in location /store_00020001/DCIM/100RICOH/R0012254.JPG on the camera
Saving file as /tmp/dummy.jpg
Deleting file /store_00020001/DCIM/100RICOH/R0012254.JPG on the camera
New file is in location /store_00020001/DCIM/100RICOH/R0012255.JPG on the camera
Saving file as /media/usb/continousScanning_0101/360/20250101-102527.jpg
Deleting file /store_00020001/DCIM/100RICOH/R0012255.JPG on the camera
New file is in location /store_00020001/DCIM/100RICOH/R0012256.JPG on the camera
Saving file as /media/usb/continousScanning_0101/360/20250101-102545.jpg
Deleting file /store_00020001/DCIM/100RICOH/R0012256.JPG on the camera
[Wed Jan  1 10:27:34 AM CET 2025] Starting theta initialization script.
[Wed Jan  1 10:27:34 AM CET 2025] Killing GPIO users...
[Wed Jan  1 10:27:36 AM CET 2025] GPIO users processes killed (if any).
[Wed Jan  1 10:27:36 AM CET 2025] Killing USB users...
[Wed Jan  1 10:27:36 AM CET 2025] USB users processes killed (if any).
[Wed Jan  1 10:27:38 AM CET 2025] Starting theta_button.py...
New file is in location /store_00020001/DCIM/100RICOH/R0012258.JPG on the camera
Saving file as /tmp/dummy.jpg
Deleting file /store_00020001/DCIM/100RICOH/R0012258.JPG on the camera
New file is in location /store_00020001/DCIM/100RICOH/R0012259.JPG on the camera
Saving file as /media/usb/continousScanning_0102/360/20250101-103603.jpg
Deleting file /store_00020001/DCIM/100RICOH/R0012259.JPG on the camera
New file is in location /store_00020001/DCIM/100RICOH/R0012260.JPG on the camera
Saving file as /media/usb/continousScanning_0102/360/20250101-103635.jpg
Deleting file /store_00020001/DCIM/100RICOH/R0012260.JPG on the camera
[DEBUG] Killing existing GPIO users...
[DEBUG] Checking for GPIO users...
[DEBUG] No active GPIO users found.
[DEBUG] Killing interfering USB processes...
[DEBUG] Checking for camera resource locks...
[DEBUG] No camera resource locks found.
[DEBUG] Attempt 1 to set up GPIO...
[DEBUG] Claiming GPIOs...
[DEBUG] GPIO setup complete.
[DEBUG] GPIO setup successful.
[DEBUG] Service started. Waiting for button press...
[DEBUG] First button press detected. Taking dummy image...
[DEBUG] Capturing dummy image...
[DEBUG] Dummy image captured and discarded.
[DEBUG] Button pressed. Capturing photo...
[DEBUG] LED on GPIO 27 turned ON.
[DEBUG] Retrieving photo output directory...
[DEBUG] Photo output directory: /media/usb/continousScanning_0102/360
[DEBUG] Capturing photo to /media/usb/continousScanning_0102/360/20250101-103603.jpg...
[DEBUG] Photo captured: /media/usb/continousScanning_0102/360/20250101-103603.jpg
[DEBUG] LED on GPIO 27 turned OFF.
[DEBUG] Button pressed. Capturing photo...
[DEBUG] LED on GPIO 27 turned ON.
[DEBUG] Retrieving photo output directory...
[DEBUG] Photo output directory: /media/usb/continousScanning_0102/360
[DEBUG] Capturing photo to /media/usb/continousScanning_0102/360/20250101-103635.jpg...
[DEBUG] Photo captured: /media/usb/continousScanning_0102/360/20250101-103635.jpg
[DEBUG] LED on GPIO 27 turned OFF.
[DEBUG] Signal received. Cleaning up GPIO...
[DEBUG] Releasing GPIO resources...
[DEBUG] GPIO resources released.
[DEBUG] Releasing GPIO resources...
[ERROR] No GPIO resources to release: 'unknown handle'
[Wed Jan  1 10:44:54 AM CET 2025] Starting theta initialization script.
[Wed Jan  1 10:44:54 AM CET 2025] Killing GPIO users...
[Wed Jan  1 10:44:55 AM CET 2025] GPIO users processes killed (if any).
[Wed Jan  1 10:44:55 AM CET 2025] Killing USB users...
[Wed Jan  1 10:44:56 AM CET 2025] USB users processes killed (if any).
[Wed Jan  1 10:44:58 AM CET 2025] Starting theta_button.py...
New file is in location /store_00020001/DCIM/100RICOH/R0012261.JPG on the camera
Saving file as /tmp/dummy.jpg
Deleting file /store_00020001/DCIM/100RICOH/R0012261.JPG on the camera
New file is in location /store_00020001/DCIM/100RICOH/R0012262.JPG on the camera
Saving file as /media/usb/continousScanning_0103/360/20250101-104811.jpg
Deleting file /store_00020001/DCIM/100RICOH/R0012262.JPG on the camera
New file is in location /store_00020001/DCIM/100RICOH/R0012263.JPG on the camera
Saving file as /media/usb/continousScanning_0103/360/20250101-104845.jpg
Deleting file /store_00020001/DCIM/100RICOH/R0012263.JPG on the camera
[DEBUG] Killing existing GPIO users...
[DEBUG] Checking for GPIO users...
[DEBUG] No active GPIO users found.
[DEBUG] Killing interfering USB processes...
[DEBUG] Checking for camera resource locks...
[DEBUG] No camera resource locks found.
[DEBUG] Attempt 1 to set up GPIO...
[DEBUG] Claiming GPIOs...
[DEBUG] GPIO setup complete.
[DEBUG] GPIO setup successful.
[DEBUG] Service started. Waiting for button press...
[DEBUG] First button press detected. Taking dummy image...
[DEBUG] Capturing dummy image...
[DEBUG] Dummy image captured and discarded.
[DEBUG] Button pressed. Capturing photo...
[DEBUG] LED on GPIO 27 turned ON.
[DEBUG] Retrieving photo output directory...
[DEBUG] Photo output directory: /media/usb/continousScanning_0103/360
[DEBUG] Capturing photo to /media/usb/continousScanning_0103/360/20250101-104811.jpg...
[DEBUG] Photo captured: /media/usb/continousScanning_0103/360/20250101-104811.jpg
[DEBUG] Saved to timestamps.txt: 20250101-104811.jpg, None
[DEBUG] LED on GPIO 27 turned OFF.
[DEBUG] Button pressed. Capturing photo...
[DEBUG] LED on GPIO 27 turned ON.
[DEBUG] Retrieving photo output directory...
[DEBUG] Photo output directory: /media/usb/continousScanning_0103/360
[DEBUG] Capturing photo to /media/usb/continousScanning_0103/360/20250101-104845.jpg...
[DEBUG] Photo captured: /media/usb/continousScanning_0103/360/20250101-104845.jpg
[DEBUG] Saved to timestamps.txt: 20250101-104845.jpg, None
[DEBUG] LED on GPIO 27 turned OFF.
[DEBUG] Signal received. Cleaning up GPIO...
[DEBUG] Releasing GPIO resources...
[DEBUG] GPIO resources released.
[DEBUG] Releasing GPIO resources...
[ERROR] No GPIO resources to release: 'unknown handle'
[Wed Jan  1 10:56:26 AM CET 2025] Starting theta initialization script.
[Wed Jan  1 10:56:26 AM CET 2025] Killing GPIO users...
[Wed Jan  1 10:56:28 AM CET 2025] GPIO users processes killed (if any).
[Wed Jan  1 10:56:28 AM CET 2025] Killing USB users...
[Wed Jan  1 10:56:28 AM CET 2025] USB users processes killed (if any).
[Wed Jan  1 10:56:30 AM CET 2025] Starting theta_button.py...
New file is in location /store_00020001/DCIM/100RICOH/R0012264.JPG on the camera
Saving file as /tmp/dummy.jpg
Deleting file /store_00020001/DCIM/100RICOH/R0012264.JPG on the camera
New file is in location /store_00020001/DCIM/100RICOH/R0012265.JPG on the camera
Saving file as /media/usb/continousScanning_0104/360/20250101-105809.jpg
Deleting file /store_00020001/DCIM/100RICOH/R0012265.JPG on the camera
[DEBUG] Killing existing GPIO users...
[DEBUG] Checking for GPIO users...
[DEBUG] No active GPIO users found.
[DEBUG] Killing interfering USB processes...
[DEBUG] Checking for camera resource locks...
[DEBUG] No camera resource locks found.
[DEBUG] Attempt 1 to set up GPIO...
[DEBUG] Claiming GPIOs...
[DEBUG] GPIO setup complete.
[DEBUG] GPIO setup successful.
[DEBUG] Service started. Waiting for button press...
[DEBUG] First button press detected. Taking dummy image...
[DEBUG] Capturing dummy image...
[DEBUG] Dummy image captured and discarded.
[DEBUG] Button pressed. Capturing photo...
[DEBUG] LED on GPIO 27 turned ON.
[DEBUG] Retrieving photo output directory...
[DEBUG] Photo output directory: /media/usb/continousScanning_0104/360
[DEBUG] Capturing photo to /media/usb/continousScanning_0104/360/20250101-105809.jpg...
[DEBUG] Photo captured: /media/usb/continousScanning_0104/360/20250101-105809.jpg
[DEBUG] LED on GPIO 27 turned OFF.
[DEBUG] Signal received. Cleaning up GPIO...
[DEBUG] Releasing GPIO resources...
[DEBUG] GPIO resources released.
[DEBUG] Releasing GPIO resources...
[ERROR] No GPIO resources to release: 'unknown handle'
[Wed Jan  1 11:02:41 AM CET 2025] Starting theta initialization script.
[Wed Jan  1 11:02:41 AM CET 2025] Killing GPIO users...
[Wed Jan  1 11:02:43 AM CET 2025] GPIO users processes killed (if any).
[Wed Jan  1 11:02:43 AM CET 2025] Killing USB users...
[Wed Jan  1 11:02:43 AM CET 2025] USB users processes killed (if any).
[Wed Jan  1 11:02:45 AM CET 2025] Starting theta_button.py...
  File "/home/flipper/mandeye_controller/code/theta_button.py", line 222
    while True:
TabError: inconsistent use of tabs and spaces in indentation
[Wed Jan  1 11:08:14 AM CET 2025] Starting theta initialization script.
[Wed Jan  1 11:08:14 AM CET 2025] Killing GPIO users...
[Wed Jan  1 11:08:16 AM CET 2025] GPIO users processes killed (if any).
[Wed Jan  1 11:08:16 AM CET 2025] Killing USB users...
[Wed Jan  1 11:08:16 AM CET 2025] USB users processes killed (if any).
[Wed Jan  1 11:08:18 AM CET 2025] Starting theta_button.py...
  File "/home/flipper/mandeye_controller/code/theta_button.py", line 222
    while True:
TabError: inconsistent use of tabs and spaces in indentation
[Wed Jan  1 11:22:13 AM CET 2025] Starting theta initialization script.
[Wed Jan  1 11:22:13 AM CET 2025] Killing GPIO users...
[Wed Jan  1 11:22:15 AM CET 2025] GPIO users processes killed (if any).
[Wed Jan  1 11:22:15 AM CET 2025] Killing USB users...
[Wed Jan  1 11:22:15 AM CET 2025] USB users processes killed (if any).
[Wed Jan  1 11:22:17 AM CET 2025] Starting theta_button.py...
New file is in location /store_00020001/DCIM/100RICOH/R0012266.JPG on the camera
Saving file as /tmp/dummy.jpg
Deleting file /store_00020001/DCIM/100RICOH/R0012266.JPG on the camera
New file is in location /store_00020001/DCIM/100RICOH/R0012267.JPG on the camera
Saving file as /media/usb/continousScanning_0107/360/20250101-112356.jpg
Deleting file /store_00020001/DCIM/100RICOH/R0012267.JPG on the camera
New file is in location /store_00020001/DCIM/100RICOH/R0012268.JPG on the camera
Saving file as /media/usb/continousScanning_0107/360/20250101-112418.jpg
Deleting file /store_00020001/DCIM/100RICOH/R0012268.JPG on the camera
[Wed Jan  1 11:24:36 AM CET 2025] Starting theta initialization script.
[Wed Jan  1 11:24:36 AM CET 2025] Killing GPIO users...
[Wed Jan  1 11:24:38 AM CET 2025] GPIO users processes killed (if any).
[Wed Jan  1 11:24:38 AM CET 2025] Killing USB users...
[Wed Jan  1 11:24:38 AM CET 2025] USB users processes killed (if any).
[Wed Jan  1 11:24:41 AM CET 2025] Starting theta_button.py...
New file is in location /store_00020001/DCIM/100RICOH/R0012269.JPG on the camera
Saving file as /tmp/dummy.jpg
Deleting file /store_00020001/DCIM/100RICOH/R0012269.JPG on the camera
New file is in location /store_00020001/DCIM/100RICOH/R0012270.JPG on the camera
Saving file as /media/usb/continousScanning_0108/360/20250101-112700.jpg
Deleting file /store_00020001/DCIM/100RICOH/R0012270.JPG on the camera
New file is in location /store_00020001/DCIM/100RICOH/R0012271.JPG on the camera
Saving file as /media/usb/continousScanning_0108/360/20250101-112729.jpg
Deleting file /store_00020001/DCIM/100RICOH/R0012271.JPG on the camera
New file is in location /store_00020001/DCIM/100RICOH/R0012272.JPG on the camera
Saving file as /media/usb/continousScanning_0108/360/20250101-112800.jpg
Deleting file /store_00020001/DCIM/100RICOH/R0012272.JPG on the camera
New file is in location /store_00020001/DCIM/100RICOH/R0012273.JPG on the camera
Saving file as /media/usb/continousScanning_0108/360/20250101-112829.jpg
Deleting file /store_00020001/DCIM/100RICOH/R0012273.JPG on the camera
New file is in location /store_00020001/DCIM/100RICOH/R0012274.JPG on the camera
Saving file as /media/usb/continousScanning_0108/360/20250101-112859.jpg
Deleting file /store_00020001/DCIM/100RICOH/R0012274.JPG on the camera
New file is in location /store_00020001/DCIM/100RICOH/R0012275.JPG on the camera
Saving file as /media/usb/continousScanning_0108/360/20250101-112923.jpg
Deleting file /store_00020001/DCIM/100RICOH/R0012275.JPG on the camera
[Wed Jan  1 11:30:10 AM CET 2025] Starting theta initialization script.
[Wed Jan  1 11:30:10 AM CET 2025] Killing GPIO users...
[Wed Jan  1 11:30:11 AM CET 2025] GPIO users processes killed (if any).
[Wed Jan  1 11:30:11 AM CET 2025] Killing USB users...
[Wed Jan  1 11:30:12 AM CET 2025] USB users processes killed (if any).
[Wed Jan  1 11:30:14 AM CET 2025] Starting theta_button.py...
New file is in location /store_00020001/DCIM/100RICOH/R0012276.JPG on the camera
Saving file as /tmp/dummy.jpg
Deleting file /store_00020001/DCIM/100RICOH/R0012276.JPG on the camera
New file is in location /store_00020001/DCIM/100RICOH/R0012277.JPG on the camera
Saving file as /media/usb/continousScanning_0109/360/20250101-113155.jpg
Deleting file /store_00020001/DCIM/100RICOH/R0012277.JPG on the camera
New file is in location /store_00020001/DCIM/100RICOH/R0012278.JPG on the camera
Saving file as /media/usb/continousScanning_0109/360/20250101-113212.jpg
Deleting file /store_00020001/DCIM/100RICOH/R0012278.JPG on the camera
New file is in location /store_00020001/DCIM/100RICOH/R0012279.JPG on the camera
Saving file as /media/usb/continousScanning_0109/360/20250101-113229.jpg
Deleting file /store_00020001/DCIM/100RICOH/R0012279.JPG on the camera
New file is in location /store_00020001/DCIM/100RICOH/R0012280.JPG on the camera
Saving file as /media/usb/continousScanning_0109/360/20250101-113247.jpg
Deleting file /store_00020001/DCIM/100RICOH/R0012280.JPG on the camera
New file is in location /store_00020001/DCIM/100RICOH/R0012281.JPG on the camera
Saving file as /media/usb/continousScanning_0109/360/20250101-113305.jpg
Deleting file /store_00020001/DCIM/100RICOH/R0012281.JPG on the camera
New file is in location /store_00020001/DCIM/100RICOH/R0012282.JPG on the camera
Saving file as /media/usb/continousScanning_0109/360/20250101-113322.jpg
Deleting file /store_00020001/DCIM/100RICOH/R0012282.JPG on the camera
[Wed Jan  1 11:33:12 AM CET 2025] Starting theta initialization script.
[Wed Jan  1 11:33:12 AM CET 2025] Killing GPIO users...
[Wed Jan  1 11:33:14 AM CET 2025] GPIO users processes killed (if any).
[Wed Jan  1 11:33:14 AM CET 2025] Killing USB users...
[Wed Jan  1 11:33:14 AM CET 2025] USB users processes killed (if any).
[Wed Jan  1 11:33:16 AM CET 2025] Starting theta_button.py...
[Wed Jan  1 01:30:47 PM CET 2025] Starting theta initialization script.
[Wed Jan  1 01:30:47 PM CET 2025] Killing GPIO users...
[Wed Jan  1 01:30:49 PM CET 2025] GPIO users processes killed (if any).
[Wed Jan  1 01:30:49 PM CET 2025] Killing USB users...
[Wed Jan  1 01:30:49 PM CET 2025] USB users processes killed (if any).
[Wed Jan  1 01:30:52 PM CET 2025] Starting theta_button.py...
[Wed Jan  1 01:44:34 PM CET 2025] Starting theta initialization script.
[Wed Jan  1 01:44:34 PM CET 2025] Killing GPIO users...
[Wed Jan  1 01:44:35 PM CET 2025] GPIO users processes killed (if any).
[Wed Jan  1 01:44:35 PM CET 2025] Killing USB users...
[Wed Jan  1 01:44:35 PM CET 2025] USB users processes killed (if any).
[Wed Jan  1 01:44:37 PM CET 2025] Starting theta_button.py...
New file is in location /store_00020001/DCIM/100RICOH/R0012283.JPG on the camera
Saving file as /tmp/dummy.jpg
Deleting file /store_00020001/DCIM/100RICOH/R0012283.JPG on the camera
New file is in location /store_00020001/DCIM/100RICOH/R0012284.JPG on the camera
Saving file as /media/usb/continousScanning_0111/360/20250101-134632.jpg
Deleting file /store_00020001/DCIM/100RICOH/R0012284.JPG on the camera
New file is in location /store_00020001/DCIM/100RICOH/R0012285.JPG on the camera
Saving file as /media/usb/continousScanning_0111/360/20250101-134700.jpg
Deleting file /store_00020001/DCIM/100RICOH/R0012285.JPG on the camera
[Wed Jan  1 01:47:19 PM CET 2025] Starting theta initialization script.
[Wed Jan  1 01:47:19 PM CET 2025] Killing GPIO users...
[Wed Jan  1 01:47:21 PM CET 2025] GPIO users processes killed (if any).
[Wed Jan  1 01:47:21 PM CET 2025] Killing USB users...
[Wed Jan  1 01:47:21 PM CET 2025] USB users processes killed (if any).
[Wed Jan  1 01:47:24 PM CET 2025] Starting theta_button.py...
New file is in location /store_00020001/DCIM/100RICOH/R0012286.JPG on the camera
Saving file as /tmp/dummy.jpg
Deleting file /store_00020001/DCIM/100RICOH/R0012286.JPG on the camera
New file is in location /store_00020001/DCIM/100RICOH/R0012287.JPG on the camera
Saving file as /media/usb/continousScanning_0112/360/20250101-135058.jpg
Deleting file /store_00020001/DCIM/100RICOH/R0012287.JPG on the camera
New file is in location /store_00020001/DCIM/100RICOH/R0012288.JPG on the camera
Saving file as /media/usb/continousScanning_0112/360/20250101-135123.jpg
Deleting file /store_00020001/DCIM/100RICOH/R0012288.JPG on the camera
New file is in location /store_00020001/DCIM/100RICOH/R0012289.JPG on the camera
Saving file as /media/usb/continousScanning_0112/360/20250101-135148.jpg
Deleting file /store_00020001/DCIM/100RICOH/R0012289.JPG on the camera
New file is in location /store_00020001/DCIM/100RICOH/R0012290.JPG on the camera
Saving file as /media/usb/continousScanning_0112/360/20250101-135217.jpg
Deleting file /store_00020001/DCIM/100RICOH/R0012290.JPG on the camera
New file is in location /store_00020001/DCIM/100RICOH/R0012291.JPG on the camera
Saving file as /media/usb/continousScanning_0112/360/20250101-135246.jpg
Deleting file /store_00020001/DCIM/100RICOH/R0012291.JPG on the camera
New file is in location /store_00020001/DCIM/100RICOH/R0012292.JPG on the camera
Saving file as /media/usb/continousScanning_0112/360/20250101-135313.jpg
Deleting file /store_00020001/DCIM/100RICOH/R0012292.JPG on the camera
New file is in location /store_00020001/DCIM/100RICOH/R0012293.JPG on the camera
Saving file as /media/usb/continousScanning_0112/360/20250101-135348.jpg
Deleting file /store_00020001/DCIM/100RICOH/R0012293.JPG on the camera
[Wed Jan  1 01:54:15 PM CET 2025] Starting theta initialization script.
[Wed Jan  1 01:54:15 PM CET 2025] Killing GPIO users...
[Wed Jan  1 01:54:16 PM CET 2025] GPIO users processes killed (if any).
[Wed Jan  1 01:54:16 PM CET 2025] Killing USB users...
[Wed Jan  1 01:54:17 PM CET 2025] USB users processes killed (if any).
[Wed Jan  1 01:54:19 PM CET 2025] Starting theta_button.py...
New file is in location /store_00020001/DCIM/100RICOH/R0012294.JPG on the camera
Saving file as /tmp/dummy.jpg
Deleting file /store_00020001/DCIM/100RICOH/R0012294.JPG on the camera
New file is in location /store_00020001/DCIM/100RICOH/R0012295.JPG on the camera
Saving file as /media/usb/continousScanning_0113/360/20250101-135855.jpg
Deleting file /store_00020001/DCIM/100RICOH/R0012295.JPG on the camera
New file is in location /store_00020001/DCIM/100RICOH/R0012296.JPG on the camera
Saving file as /media/usb/continousScanning_0113/360/20250101-135924.jpg
Deleting file /store_00020001/DCIM/100RICOH/R0012296.JPG on the camera
New file is in location /store_00020001/DCIM/100RICOH/R0012297.JPG on the camera
Saving file as /media/usb/continousScanning_0113/360/20250101-135950.jpg
Deleting file /store_00020001/DCIM/100RICOH/R0012297.JPG on the camera
New file is in location /store_00020001/DCIM/100RICOH/R0012298.JPG on the camera
Saving file as /media/usb/continousScanning_0113/360/20250101-140025.jpg
Deleting file /store_00020001/DCIM/100RICOH/R0012298.JPG on the camera
[Wed Jan  1 02:00:12 PM CET 2025] Starting theta initialization script.
[Wed Jan  1 02:00:12 PM CET 2025] Killing GPIO users...
[Wed Jan  1 02:00:14 PM CET 2025] GPIO users processes killed (if any).
[Wed Jan  1 02:00:14 PM CET 2025] Killing USB users...
[Wed Jan  1 02:00:14 PM CET 2025] USB users processes killed (if any).
[Wed Jan  1 02:00:16 PM CET 2025] Starting theta_button.py...
New file is in location /store_00020001/DCIM/100RICOH/R0012299.JPG on the camera
Saving file as /tmp/dummy.jpg
Deleting file /store_00020001/DCIM/100RICOH/R0012299.JPG on the camera
New file is in location /store_00020001/DCIM/100RICOH/R0012300.JPG on the camera
Saving file as /media/usb/continousScanning_0114/360/20250101-141743.jpg
Deleting file /store_00020001/DCIM/100RICOH/R0012300.JPG on the camera
New file is in location /store_00020001/DCIM/100RICOH/R0012301.JPG on the camera
Saving file as /media/usb/continousScanning_0114/360/20250101-141815.jpg
Deleting file /store_00020001/DCIM/100RICOH/R0012301.JPG on the camera
New file is in location /store_00020001/DCIM/100RICOH/R0012302.JPG on the camera
Saving file as /media/usb/continousScanning_0114/360/20250101-141841.jpg
Deleting file /store_00020001/DCIM/100RICOH/R0012302.JPG on the camera
New file is in location /store_00020001/DCIM/100RICOH/R0012303.JPG on the camera
Saving file as /media/usb/continousScanning_0114/360/20250101-141908.jpg
Deleting file /store_00020001/DCIM/100RICOH/R0012303.JPG on the camera
New file is in location /store_00020001/DCIM/100RICOH/R0012304.JPG on the camera
Saving file as /media/usb/continousScanning_0114/360/20250101-141937.jpg
Deleting file /store_00020001/DCIM/100RICOH/R0012304.JPG on the camera
New file is in location /store_00020001/DCIM/100RICOH/R0012305.JPG on the camera
Saving file as /media/usb/continousScanning_0114/360/20250101-142004.jpg
Deleting file /store_00020001/DCIM/100RICOH/R0012305.JPG on the camera
                                                                                                                                                                                                                                 [Wed Jan  1 02:20:00 PM CET 2025] Starting theta initialization script.
[Wed Jan  1 02:20:00 PM CET 2025] Killing GPIO users...
[Wed Jan  1 02:20:02 PM CET 2025] GPIO users processes killed (if any).
[Wed Jan  1 02:20:02 PM CET 2025] Killing USB users...
[Wed Jan  1 02:20:02 PM CET 2025] USB users processes killed (if any).
[Wed Jan  1 02:20:04 PM CET 2025] Starting theta_button.py...
New file is in location /store_00020001/DCIM/100RICOH/R0012307.JPG on the camera
Saving file as /tmp/dummy.jpg
Deleting file /store_00020001/DCIM/100RICOH/R0012307.JPG on the camera
New file is in location /store_00020001/DCIM/100RICOH/R0012308.JPG on the camera
Saving file as /media/usb/continousScanning_0115/360/20250101-142251.jpg
Deleting file /store_00020001/DCIM/100RICOH/R0012308.JPG on the camera
New file is in location /store_00020001/DCIM/100RICOH/R0012309.JPG on the camera
Saving file as /media/usb/continousScanning_0115/360/20250101-142321.jpg
Deleting file /store_00020001/DCIM/100RICOH/R0012309.JPG on the camera
New file is in location /store_00020001/DCIM/100RICOH/R0012310.JPG on the camera
Saving file as /media/usb/continousScanning_0115/360/20250101-142347.jpg
Deleting file /store_00020001/DCIM/100RICOH/R0012310.JPG on the camera
New file is in location /store_00020001/DCIM/100RICOH/R0012311.JPG on the camera
Saving file as /media/usb/continousScanning_0115/360/20250101-142416.jpg
Deleting file /store_00020001/DCIM/100RICOH/R0012311.JPG on the camera
New file is in location /store_00020001/DCIM/100RICOH/R0012312.JPG on the camera
Saving file as /media/usb/continousScanning_0115/360/20250101-142447.jpg
Deleting file /store_00020001/DCIM/100RICOH/R0012312.JPG on the camera
New file is in location /store_00020001/DCIM/100RICOH/R0012313.JPG on the camera
Saving file as /media/usb/continousScanning_0115/360/20250101-142512.jpg
Deleting file /store_00020001/DCIM/100RICOH/R0012313.JPG on the camera
New file is in location /store_00020001/DCIM/100RICOH/R0012314.JPG on the camera
Saving file as /media/usb/continousScanning_0115/360/20250101-142545.jpg
Deleting file /store_00020001/DCIM/100RICOH/R0012314.JPG on the camera
[Wed Jan  1 02:26:04 PM CET 2025] Starting theta initialization script.
[Wed Jan  1 02:26:04 PM CET 2025] Killing GPIO users...
[Wed Jan  1 02:26:06 PM CET 2025] GPIO users processes killed (if any).
[Wed Jan  1 02:26:06 PM CET 2025] Killing USB users...
[Wed Jan  1 02:26:06 PM CET 2025] USB users processes killed (if any).
[Wed Jan  1 02:26:08 PM CET 2025] Starting theta_button.py...
[Wed Jan  1 02:54:04 PM CET 2025] Starting theta initialization script.
[Wed Jan  1 02:54:04 PM CET 2025] Killing GPIO users...
[Wed Jan  1 02:54:06 PM CET 2025] GPIO users processes killed (if any).
[Wed Jan  1 02:54:06 PM CET 2025] Killing USB users...
[Wed Jan  1 02:54:06 PM CET 2025] USB users processes killed (if any).
[Wed Jan  1 02:54:08 PM CET 2025] Starting theta_button.py...
[Sat Jan  4 03:56:53 PM CET 2025] Starting theta initialization script.
[Sat Jan  4 03:56:53 PM CET 2025] Killing GPIO users...
[Sat Jan  4 03:56:54 PM CET 2025] GPIO users processes killed (if any).
[Sat Jan  4 03:56:54 PM CET 2025] Killing USB users...
[Sat Jan  4 03:56:54 PM CET 2025] USB users processes killed (if any).
[Sat Jan  4 03:56:57 PM CET 2025] Starting theta_button.py...
[Sun Jan  5 10:52:32 AM CET 2025] Starting theta initialization script.
[Sun Jan  5 10:52:32 AM CET 2025] Killing GPIO users...
[Sun Jan  5 10:52:34 AM CET 2025] GPIO users processes killed (if any).
[Sun Jan  5 10:52:34 AM CET 2025] Killing USB users...
[Sun Jan  5 10:52:34 AM CET 2025] USB users processes killed (if any).
[Sun Jan  5 10:52:36 AM CET 2025] Starting theta_button.py...
[Sun Jan  5 10:54:52 AM CET 2025] Starting theta initialization script.
[Sun Jan  5 10:54:52 AM CET 2025] Killing GPIO users...
[Sun Jan  5 10:54:54 AM CET 2025] GPIO users processes killed (if any).
[Sun Jan  5 10:54:54 AM CET 2025] Killing USB users...
[Sun Jan  5 10:54:54 AM CET 2025] USB users processes killed (if any).
[Sun Jan  5 10:54:56 AM CET 2025] Starting theta_button.py...
[Mon Jan  6 12:14:07 PM CET 2025] Starting theta initialization script.
[Mon Jan  6 12:14:07 PM CET 2025] Killing GPIO users...
[Mon Jan  6 12:14:08 PM CET 2025] GPIO users processes killed (if any).
[Mon Jan  6 12:14:08 PM CET 2025] Killing USB users...
[Mon Jan  6 12:14:08 PM CET 2025] USB users processes killed (if any).
[Mon Jan  6 12:14:10 PM CET 2025] Starting theta_button.py...
*** Error: No camera found. ***

For debugging messages, please use the --debug option.
Debugging messages may help finding a solution to your problem.
If you intend to send any error or debug messages to the gphoto
developer mailing list <gphoto-devel@lists.sourceforge.net>, please run
gphoto2 as follows:

    env LANG=C gphoto2 --debug --debug-logfile=my-logfile.txt --capture-image-and-download --force-overwrite --filename /tmp/dummy.jpg

Please make sure there is sufficient quoting around the arguments.

[DEBUG] Blink sequence complete.
[ERROR] Failed to capture dummy image: Command '['gphoto2', '--capture-image-and-download', '--force-overwrite', '--filename', '/tmp/dummy.jpg']' returned non-zero exit status 1.
[Mon Jan  6 03:07:23 PM CET 2025] Starting theta initialization script.
[Mon Jan  6 03:07:23 PM CET 2025] Killing GPIO users...
[Mon Jan  6 03:07:24 PM CET 2025] GPIO users processes killed (if any).
[Mon Jan  6 03:07:24 PM CET 2025] Killing USB users...
[Mon Jan  6 03:07:24 PM CET 2025] USB users processes killed (if any).
[Mon Jan  6 03:07:26 PM CET 2025] Starting theta_button.py...
*** Error: No camera found. ***

For debugging messages, please use the --debug option.
Debugging messages may help finding a solution to your problem.
If you intend to send any error or debug messages to the gphoto
developer mailing list <gphoto-devel@lists.sourceforge.net>, please run
gphoto2 as follows:

    env LANG=C gphoto2 --debug --debug-logfile=my-logfile.txt --capture-image-and-download --force-overwrite --filename /tmp/dummy.jpg

Please make sure there is sufficient quoting around the arguments.

*** Error: No camera found. ***

For debugging messages, please use the --debug option.
Debugging messages may help finding a solution to your problem.
If you intend to send any error or debug messages to the gphoto
developer mailing list <gphoto-devel@lists.sourceforge.net>, please run
gphoto2 as follows:

    env LANG=C gphoto2 --debug --debug-logfile=my-logfile.txt --capture-image-and-download --force-overwrite --filename /media/usb/continousScanning_0016/360/20250106-151205.jpg

Please make sure there is sufficient quoting around the arguments.

*** Error: No camera found. ***

For debugging messages, please use the --debug option.
Debugging messages may help finding a solution to your problem.
If you intend to send any error or debug messages to the gphoto
developer mailing list <gphoto-devel@lists.sourceforge.net>, please run
gphoto2 as follows:

    env LANG=C gphoto2 --debug --debug-logfile=my-logfile.txt --capture-image-and-download --force-overwrite --filename /media/usb/continousScanning_0016/360/20250106-151216.jpg

Please make sure there is sufficient quoting around the arguments.

*** Error: No camera found. ***

For debugging messages, please use the --debug option.
Debugging messages may help finding a solution to your problem.
If you intend to send any error or debug messages to the gphoto
developer mailing list <gphoto-devel@lists.sourceforge.net>, please run
gphoto2 as follows:

    env LANG=C gphoto2 --debug --debug-logfile=my-logfile.txt --capture-image-and-download --force-overwrite --filename /media/usb/continousScanning_0016/360/20250106-151217.jpg

Please make sure there is sufficient quoting around the arguments.

*** Error: No camera found. ***

For debugging messages, please use the --debug option.
Debugging messages may help finding a solution to your problem.
If you intend to send any error or debug messages to the gphoto
developer mailing list <gphoto-devel@lists.sourceforge.net>, please run
gphoto2 as follows:

    env LANG=C gphoto2 --debug --debug-logfile=my-logfile.txt --capture-image-and-download --force-overwrite --filename /media/usb/continousScanning_0016/360/20250106-151219.jpg

Please make sure there is sufficient quoting around the arguments.

*** Error: No camera found. ***

For debugging messages, please use the --debug option.
Debugging messages may help finding a solution to your problem.
If you intend to send any error or debug messages to the gphoto
developer mailing list <gphoto-devel@lists.sourceforge.net>, please run
gphoto2 as follows:

    env LANG=C gphoto2 --debug --debug-logfile=my-logfile.txt --capture-image-and-download --force-overwrite --filename /media/usb/continousScanning_0016/360/20250106-151220.jpg

Please make sure there is sufficient quoting around the arguments.

[DEBUG] Blink sequence complete.
[ERROR] Failed to capture dummy image: Command '['gphoto2', '--capture-image-and-download', '--force-overwrite', '--filename', '/tmp/dummy.jpg']' returned non-zero exit status 1.
[DEBUG] Capturing photo at: 20250106-151205
[ERROR] Failed to capture photo: Command '['gphoto2', '--capture-image-and-download', '--force-overwrite', '--filename', '/media/usb/continousScanning_0016/360/20250106-151205.jpg']' returned non-zero exit status 1.
[DEBUG] Capturing photo at: 20250106-151216
[ERROR] Failed to capture photo: Command '['gphoto2', '--capture-image-and-download', '--force-overwrite', '--filename', '/media/usb/continousScanning_0016/360/20250106-151216.jpg']' returned non-zero exit status 1.
[DEBUG] Capturing photo at: 20250106-151217
[ERROR] Failed to capture photo: Command '['gphoto2', '--capture-image-and-download', '--force-overwrite', '--filename', '/media/usb/continousScanning_0016/360/20250106-151217.jpg']' returned non-zero exit status 1.
[DEBUG] Capturing photo at: 20250106-151219
[ERROR] Failed to capture photo: Command '['gphoto2', '--capture-image-and-download', '--force-overwrite', '--filename', '/media/usb/continousScanning_0016/360/20250106-151219.jpg']' returned non-zero exit status 1.
[DEBUG] Capturing photo at: 20250106-151220
[ERROR] Failed to capture photo: Command '['gphoto2', '--capture-image-and-download', '--force-overwrite', '--filename', '/media/usb/continousScanning_0016/360/20250106-151220.jpg']' returned non-zero exit status 1.
[Mon Jan  6 03:16:16 PM CET 2025] Starting theta initialization script.
[Mon Jan  6 03:16:16 PM CET 2025] Killing GPIO users...
[Mon Jan  6 03:16:18 PM CET 2025] GPIO users processes killed (if any).
[Mon Jan  6 03:16:18 PM CET 2025] Killing USB users...
[Mon Jan  6 03:16:18 PM CET 2025] USB users processes killed (if any).
[Mon Jan  6 03:16:20 PM CET 2025] Starting theta_button.py...
[INFO] GPIO setup complete, ready for operation
[INFO] First button press detected - taking dummy image
[DEBUG] Blink sequence complete.
[DEBUG] Attempting to capture dummy image...
[ERROR] Failed to capture dummy image: Command '['gphoto2', '--capture-image-and-download', '--force-overwrite', '--filename', '/tmp/dummy.jpg', '--debug', '--debug-logfile=/tmp/gphoto2_dummy.log']' returned non-zero exit status 1.
[ERROR] Exception type: <class 'subprocess.CalledProcessError'>
[ERROR] Command output: 
[ERROR] Dummy image capture failed
[INFO] First button press detected - taking dummy image
[DEBUG] Blink sequence complete.
[DEBUG] Attempting to capture dummy image...
[ERROR] Failed to capture dummy image: Command '['gphoto2', '--capture-image-and-download', '--force-overwrite', '--filename', '/tmp/dummy.jpg', '--debug', '--debug-logfile=/tmp/gphoto2_dummy.log']' returned non-zero exit status 1.
[ERROR] Exception type: <class 'subprocess.CalledProcessError'>
[ERROR] Command output: 
[ERROR] Dummy image capture failed
[INFO] First button press detected - taking dummy image
[DEBUG] Blink sequence complete.
[DEBUG] Attempting to capture dummy image...
[DEBUG] gphoto2 dummy capture output: New file is in location /store_00020001/DCIM/100RICOH/R0012414.JPG on the camera
Saving file as /tmp/dummy.jpg
Deleting file /store_00020001/DCIM/100RICOH/R0012414.JPG on the camera

[DEBUG] Dummy image captured successfully
[DEBUG] Dummy image timestamp: 735024211770
[DEBUG] Dummy image capture successful
[INFO] Shutting down gracefully...
[INFO] GPIO resources released
[Mon Jan  6 03:19:17 PM CET 2025] Starting theta initialization script.
[Mon Jan  6 03:19:17 PM CET 2025] Killing GPIO users...
[Mon Jan  6 03:19:18 PM CET 2025] GPIO users processes killed (if any).
[Mon Jan  6 03:19:18 PM CET 2025] Killing USB users...
[Mon Jan  6 03:19:19 PM CET 2025] USB users processes killed (if any).
[Mon Jan  6 03:19:21 PM CET 2025] Starting theta_button.py...
[INFO] GPIO setup complete, ready for operation
[INFO] First button press detected - taking dummy image
[DEBUG] Blink sequence complete.
[DEBUG] Attempting to capture dummy image...
[DEBUG] gphoto2 dummy capture output: New file is in location /store_00020001/DCIM/100RICOH/R0012415.JPG on the camera
Saving file as /tmp/dummy.jpg
Deleting file /store_00020001/DCIM/100RICOH/R0012415.JPG on the camera

[DEBUG] Dummy image captured successfully
[DEBUG] Dummy image timestamp: 924017474450
[DEBUG] Dummy image capture successful
[INFO] Button press detected - capturing photo
[DEBUG] Photo output directory: /media/usb/continousScanning_0018/360
[DEBUG] Directory /media/usb/continousScanning_0018/360 is writable
[DEBUG] Attempting to capture photo to: /media/usb/continousScanning_0018/360/1.jpg
[DEBUG] gphoto2 output: New file is in location /store_00020001/DCIM/100RICOH/R0012416.JPG on the camera
Saving file as /media/usb/continousScanning_0018/360/1.jpg
Deleting file /store_00020001/DCIM/100RICOH/R0012416.JPG on the camera

[DEBUG] Successfully saved image to: /media/usb/continousScanning_0018/360/1.jpg
[DEBUG] Captured lidar timestamp: 994003577790
[DEBUG] Saved: 1.jpg, 994003577790
[DEBUG] Photo capture successful
[INFO] Button press detected - capturing photo
[DEBUG] Photo output directory: /media/usb/continousScanning_0018/360
[DEBUG] Directory /media/usb/continousScanning_0018/360 is writable
[DEBUG] Attempting to capture photo to: /media/usb/continousScanning_0018/360/2.jpg
[DEBUG] gphoto2 output: New file is in location /store_00020001/DCIM/100RICOH/R0012417.JPG on the camera
Saving file as /media/usb/continousScanning_0018/360/2.jpg
Deleting file /store_00020001/DCIM/100RICOH/R0012417.JPG on the camera

[DEBUG] gphoto2 errors: write: Input/output error

[ERROR] Image file was not created at: /media/usb/continousScanning_0018/360/2.jpg
[DEBUG] Photo capture failed
[INFO] Shutting down gracefully...
[INFO] GPIO resources released
[Mon Jan  6 03:25:53 PM CET 2025] Starting theta initialization script.
[Mon Jan  6 03:25:53 PM CET 2025] Killing GPIO users...
[Mon Jan  6 03:25:55 PM CET 2025] GPIO users processes killed (if any).
[Mon Jan  6 03:25:55 PM CET 2025] Killing USB users...
[Mon Jan  6 03:25:55 PM CET 2025] USB users processes killed (if any).
[Mon Jan  6 03:25:58 PM CET 2025] Starting theta_button.py...
[INFO] GPIO setup complete, ready for operation
[INFO] First button press detected - taking dummy image
[DEBUG] Blink sequence complete.
[DEBUG] Attempting to capture dummy image...
[DEBUG] gphoto2 dummy capture output: New file is in location /store_00020001/DCIM/100RICOH/R0012418.JPG on the camera
Saving file as /tmp/dummy.jpg
Deleting file /store_00020001/DCIM/100RICOH/R0012418.JPG on the camera

[DEBUG] Dummy image captured successfully
[DEBUG] Dummy image timestamp: 1265018890130
[DEBUG] Dummy image capture successful
[INFO] Button press detected - capturing photo
[DEBUG] Photo output directory: /media/usb/continousScanning_0119/360
[DEBUG] Directory /media/usb/continousScanning_0119/360 is writable
[DEBUG] Attempting to capture photo to: /media/usb/continousScanning_0119/360/1.jpg
[DEBUG] gphoto2 output: New file is in location /store_00020001/DCIM/100RICOH/R0012419.JPG on the camera
Saving file as /media/usb/continousScanning_0119/360/1.jpg
Deleting file /store_00020001/DCIM/100RICOH/R0012419.JPG on the camera

[DEBUG] Successfully saved image to: /media/usb/continousScanning_0119/360/1.jpg
[DEBUG] Captured lidar timestamp: 1281000691770
[DEBUG] Saved: 1.jpg, 1281000691770
[DEBUG] Photo capture successful
[INFO] Button press detected - capturing photo
[DEBUG] Photo output directory: /media/usb/continousScanning_0119/360
[DEBUG] Directory /media/usb/continousScanning_0119/360 is writable
[DEBUG] Attempting to capture photo to: /media/usb/continousScanning_0119/360/2.jpg
[DEBUG] gphoto2 output: New file is in location /store_00020001/DCIM/100RICOH/R0012420.JPG on the camera
Saving file as /media/usb/continousScanning_0119/360/2.jpg
Deleting file /store_00020001/DCIM/100RICOH/R0012420.JPG on the camera

[DEBUG] Successfully saved image to: /media/usb/continousScanning_0119/360/2.jpg
[DEBUG] Captured lidar timestamp: 1309014451770
[DEBUG] Saved: 2.jpg, 1309014451770
[DEBUG] Photo capture successful
[INFO] Button press detected - capturing photo
[DEBUG] Photo output directory: /media/usb/continousScanning_0119/360
[DEBUG] Directory /media/usb/continousScanning_0119/360 is writable
[DEBUG] Attempting to capture photo to: /media/usb/continousScanning_0119/360/3.jpg
[DEBUG] gphoto2 output: New file is in location /store_00020001/DCIM/100RICOH/R0012421.JPG on the camera
Saving file as /media/usb/continousScanning_0119/360/3.jpg
Deleting file /store_00020001/DCIM/100RICOH/R0012421.JPG on the camera

[DEBUG] Successfully saved image to: /media/usb/continousScanning_0119/360/3.jpg
[DEBUG] Captured lidar timestamp: 1339002451770
[DEBUG] Saved: 3.jpg, 1339002451770
[DEBUG] Photo capture successful
[INFO] Button press detected - capturing photo
[DEBUG] Photo output directory: /media/usb/continousScanning_0119/360
[DEBUG] Directory /media/usb/continousScanning_0119/360 is writable
[DEBUG] Attempting to capture photo to: /media/usb/continousScanning_0119/360/4.jpg
[DEBUG] gphoto2 output: New file is in location /store_00020001/DCIM/100RICOH/R0012422.JPG on the camera
Saving file as /media/usb/continousScanning_0119/360/4.jpg
Deleting file /store_00020001/DCIM/100RICOH/R0012422.JPG on the camera

[DEBUG] Successfully saved image to: /media/usb/continousScanning_0119/360/4.jpg
[DEBUG] Captured lidar timestamp: 1409021011770
[DEBUG] Saved: 4.jpg, 1409021011770
[DEBUG] Photo capture successful
[INFO] Shutting down gracefully...
[INFO] GPIO resources released
[Mon Jan  6 03:31:47 PM CET 2025] Starting theta initialization script.
[Mon Jan  6 03:31:47 PM CET 2025] Killing GPIO users...
[Mon Jan  6 03:31:48 PM CET 2025] GPIO users processes killed (if any).
[Mon Jan  6 03:31:48 PM CET 2025] Killing USB users...
[Mon Jan  6 03:31:49 PM CET 2025] USB users processes killed (if any).
[Mon Jan  6 03:31:51 PM CET 2025] Starting theta_button.py...
[INFO] GPIO setup complete, ready for operation
[INFO] First button press detected - taking dummy image
[DEBUG] Blink sequence complete.
[DEBUG] Attempting to capture dummy image...
[DEBUG] gphoto2 dummy capture output: New file is in location /store_00020001/DCIM/100RICOH/R0012423.JPG on the camera
Saving file as /tmp/dummy.jpg
Deleting file /store_00020001/DCIM/100RICOH/R0012423.JPG on the camera

[DEBUG] Dummy image captured successfully
[DEBUG] Dummy image timestamp: 1609017331770
[DEBUG] Dummy image capture successful
[INFO] Button press detected - capturing photo
[DEBUG] Photo output directory: /media/usb/continousScanning_0120/360
[DEBUG] Directory /media/usb/continousScanning_0120/360 is writable
[DEBUG] Saved: 1.jpg, 1616020869770
[DEBUG] Photo capture successful
[INFO] Button press detected - capturing photo
[DEBUG] Photo output directory: /media/usb/continousScanning_0120/360
[DEBUG] Directory /media/usb/continousScanning_0120/360 is writable
[DEBUG] Saved: 2.jpg, 1637004691770
[DEBUG] Photo capture successful
[INFO] Button press detected - capturing photo
[DEBUG] Photo output directory: /media/usb/continousScanning_0120/360
[DEBUG] Directory /media/usb/continousScanning_0120/360 is writable
[DEBUG] Saved: 3.jpg, 1658013811770
[DEBUG] Photo capture successful
[INFO] Shutting down gracefully...
[INFO] GPIO resources released
[Mon Jan  6 03:35:01 PM CET 2025] Starting theta initialization script.
[Mon Jan  6 03:35:02 PM CET 2025] Killing GPIO users...
[Mon Jan  6 03:35:03 PM CET 2025] GPIO users processes killed (if any).
[Mon Jan  6 03:35:03 PM CET 2025] Killing USB users...
[Mon Jan  6 03:35:03 PM CET 2025] USB users processes killed (if any).
[Mon Jan  6 03:35:05 PM CET 2025] Starting theta_button.py...
[INFO] GPIO setup complete, ready for operation
[INFO] First button press detected - taking dummy image
[DEBUG] Blink sequence complete.
[DEBUG] Attempting to capture dummy image...
[DEBUG] gphoto2 dummy capture output: New file is in location /store_00020001/DCIM/100RICOH/R0012427.JPG on the camera
Saving file as /tmp/dummy.jpg
Deleting file /store_00020001/DCIM/100RICOH/R0012427.JPG on the camera

[DEBUG] Dummy image captured successfully
[DEBUG] Dummy image timestamp: 1805012371770
[DEBUG] Dummy image capture successful
[INFO] Button press detected - capturing photo
[DEBUG] Photo output directory: /media/usb/continousScanning_0121/360
[DEBUG] Directory /media/usb/continousScanning_0121/360 is writable
[DEBUG] Saved: 1.jpg, 1807013011770
[DEBUG] Photo capture successful
[INFO] Button press detected - capturing photo
[DEBUG] Photo output directory: /media/usb/continousScanning_0121/360
[DEBUG] Directory /media/usb/continousScanning_0121/360 is writable
[DEBUG] Saved: 2.jpg, 1852010611770
[DEBUG] Photo capture successful
[INFO] Button press detected - capturing photo
[DEBUG] Photo output directory: /media/usb/continousScanning_0121/360
[DEBUG] Directory /media/usb/continousScanning_0121/360 is writable
[DEBUG] Saved: 3.jpg, 1870018771770
[DEBUG] Photo capture successful
[INFO] Shutting down gracefully...
[INFO] GPIO resources released
[Mon Jan  6 03:39:28 PM CET 2025] Starting theta initialization script.
[Mon Jan  6 03:39:28 PM CET 2025] Killing GPIO users...
[Mon Jan  6 03:39:30 PM CET 2025] GPIO users processes killed (if any).
[Mon Jan  6 03:39:30 PM CET 2025] Killing USB users...
[Mon Jan  6 03:39:30 PM CET 2025] USB users processes killed (if any).
[Mon Jan  6 03:39:32 PM CET 2025] Starting theta_button.py...
[INFO] GPIO setup complete, ready for operation
[INFO] First button press detected - taking dummy image
[DEBUG] Blink sequence complete.
[DEBUG] Attempting to capture dummy image...
[DEBUG] gphoto2 dummy capture output: New file is in location /store_00020001/DCIM/100RICOH/R0012431.JPG on the camera
Saving file as /tmp/dummy.jpg
Deleting file /store_00020001/DCIM/100RICOH/R0012431.JPG on the camera

[DEBUG] Dummy image captured successfully
[DEBUG] Dummy image timestamp: 2056000051770
[DEBUG] Dummy image capture successful
[INFO] Button press detected - capturing photo
[DEBUG] Saved: 1.jpg, 2066005171769
[INFO] Shutting down gracefully...
[INFO] GPIO resources released
[Mon Jan  6 03:41:43 PM CET 2025] Starting theta initialization script.
[Mon Jan  6 03:41:43 PM CET 2025] Killing GPIO users...
[Mon Jan  6 03:41:45 PM CET 2025] GPIO users processes killed (if any).
[Mon Jan  6 03:41:45 PM CET 2025] Killing USB users...
[Mon Jan  6 03:41:45 PM CET 2025] USB users processes killed (if any).
[Mon Jan  6 03:41:47 PM CET 2025] Starting theta_button.py...
[INFO] GPIO setup complete, ready for operation
[INFO] First button press detected - taking dummy image
[DEBUG] Blink sequence complete.
[DEBUG] Attempting to capture dummy image...
[DEBUG] gphoto2 dummy capture output: New file is in location /store_00020001/DCIM/100RICOH/R0012433.JPG on the camera
Saving file as /tmp/dummy.jpg
Deleting file /store_00020001/DCIM/100RICOH/R0012433.JPG on the camera

[DEBUG] Dummy image captured successfully
[DEBUG] Dummy image timestamp: 2175008851770
[DEBUG] Dummy image capture successful
[INFO] Button press detected - capturing photo
[DEBUG] Saved: 1.jpg, 2182010131770
[INFO] Shutting down gracefully...
[INFO] GPIO resources released
[Mon Jan  6 03:43:44 PM CET 2025] Starting theta initialization script.
[Mon Jan  6 03:43:44 PM CET 2025] Killing GPIO users...
[Mon Jan  6 03:43:45 PM CET 2025] GPIO users processes killed (if any).
[Mon Jan  6 03:43:45 PM CET 2025] Killing USB users...
[Mon Jan  6 03:43:45 PM CET 2025] USB users processes killed (if any).
[Mon Jan  6 03:43:47 PM CET 2025] Starting theta_button.py...
[INFO] GPIO setup complete, ready for operation
[INFO] First button press detected - taking dummy image
[DEBUG] Blink sequence complete.
[DEBUG] Attempting to capture dummy image...
[DEBUG] gphoto2 dummy capture output: New file is in location /store_00020001/DCIM/100RICOH/R0012435.JPG on the camera
Saving file as /tmp/dummy.jpg
Deleting file /store_00020001/DCIM/100RICOH/R0012435.JPG on the camera

[DEBUG] Dummy image captured successfully
[DEBUG] Dummy image timestamp: 2329024061680
[DEBUG] Dummy image capture successful
[INFO] Button press detected - capturing photo
[DEBUG] Saved: 1.jpg, 2339001811770
[INFO] Button press detected - capturing photo
[DEBUG] Saved: 2.jpg, 2385023251770
[INFO] Shutting down gracefully...
[INFO] GPIO resources released
[Mon Jan  6 03:49:16 PM CET 2025] Starting theta initialization script.
[Mon Jan  6 03:49:16 PM CET 2025] Killing GPIO users...
[Mon Jan  6 03:49:18 PM CET 2025] GPIO users processes killed (if any).
[Mon Jan  6 03:49:18 PM CET 2025] Killing USB users...
[Mon Jan  6 03:49:18 PM CET 2025] USB users processes killed (if any).
[Mon Jan  6 03:49:20 PM CET 2025] Starting theta_button.py...
[INFO] GPIO setup complete, ready for operation
[INFO] First button press detected - taking dummy image
[DEBUG] Attempting to capture dummy image...
[DEBUG] gphoto2 dummy capture output: New file is in location /store_00020001/DCIM/100RICOH/R0012438.JPG on the camera
Saving file as /tmp/dummy.jpg
Deleting file /store_00020001/DCIM/100RICOH/R0012438.JPG on the camera

[DEBUG] Dummy image captured successfully
[DEBUG] Dummy image timestamp: 2666009011770
[DEBUG] Dummy image capture successful
[INFO] Shutting down gracefully...
[INFO] GPIO resources released
[Mon Jan  6 03:53:32 PM CET 2025] Starting theta initialization script.
[Mon Jan  6 03:53:32 PM CET 2025] Killing GPIO users...
[Mon Jan  6 03:53:34 PM CET 2025] GPIO users processes killed (if any).
[Mon Jan  6 03:53:34 PM CET 2025] Killing USB users...
[Mon Jan  6 03:53:34 PM CET 2025] USB users processes killed (if any).
[Mon Jan  6 03:53:36 PM CET 2025] Starting theta_button.py...
[INFO] GPIO setup complete, ready for operation
[INFO] First button press detected - taking dummy image
[DEBUG] Attempting to capture dummy image...
[DEBUG] gphoto2 dummy capture output: New file is in location /store_00020001/DCIM/100RICOH/R0012439.JPG on the camera
Saving file as /tmp/dummy.jpg
Deleting file /store_00020001/DCIM/100RICOH/R0012439.JPG on the camera

[DEBUG] Dummy image captured successfully
[DEBUG] Dummy image timestamp: 2915018131770
[DEBUG] Dummy image capture successful
[INFO] Button press detected - capturing photo
[DEBUG] Saved: 1.jpg, 2938001971770
[INFO] Button press detected - capturing photo
[DEBUG] Saved: 2.jpg, 3020013331770
[INFO] Shutting down gracefully...
[INFO] GPIO resources released
[Mon Jan  6 04:00:49 PM CET 2025] Starting theta initialization script.
[Mon Jan  6 04:00:49 PM CET 2025] Killing GPIO users...
[Mon Jan  6 04:00:51 PM CET 2025] GPIO users processes killed (if any).
[Mon Jan  6 04:00:51 PM CET 2025] Killing USB users...
[Mon Jan  6 04:00:51 PM CET 2025] USB users processes killed (if any).
[Mon Jan  6 04:00:53 PM CET 2025] Starting theta_button.py...
[INFO] GPIO setup complete, ready for operation
[INFO] First button press detected
[DEBUG] Attempting to capture dummy image...
[DEBUG] gphoto2 dummy capture output: New file is in location /store_00020001/DCIM/100RICOH/R0012442.JPG on the camera
Saving file as /tmp/dummy.jpg
Deleting file /store_00020001/DCIM/100RICOH/R0012442.JPG on the camera

[DEBUG] Dummy image captured successfully
[DEBUG] Dummy image timestamp: 3393007411770
[DEBUG] Blink sequence complete.
[DEBUG] Dummy image capture successful
[INFO] Button press detected - capturing photo
[DEBUG] Saved: 1.jpg, 3408017011770
[INFO] Shutting down gracefully...
[INFO] GPIO resources released
[Mon Jan  6 04:08:27 PM CET 2025] Starting theta initialization script.
[Mon Jan  6 04:08:27 PM CET 2025] Killing GPIO users...
[Mon Jan  6 04:08:29 PM CET 2025] GPIO users processes killed (if any).
[Mon Jan  6 04:08:29 PM CET 2025] Killing USB users...
[Mon Jan  6 04:08:29 PM CET 2025] USB users processes killed (if any).
[Mon Jan  6 04:08:32 PM CET 2025] Starting theta_button.py...
